item_id,Scope - Electrics,unit_price_hardware,unit_price_service,unit_price_sum,Opt.,qty,unit,total_price,comments,E,K,O,,,,,item_id_norm,Scope - Electrics_norm,Opt._norm,unit_norm,comments_norm,E_norm,K_norm,O_norm,nan_norm,scope_category,vendor_id
,,,,,,,,,,,,,,,,,,,,,,,,,,Electrics,B
1.,,,,,,,,,,,,,,,,,1.,,,,,,,,,Electrics,B
1.1,Complete standardised power feed-in cabinet for conveyors (+H011_FT),0.0,0.0,0.0,,1.0,pcs.,0.0,,,,,,,,,1.1,complete standardised power feed-in cabinet for conveyors (+h011_ft),,pcs.,,,,,,Electrics,B
1.2,Complete standardised PLC-cabinet for conveyors (+H101),0.0,0.0,0.0,,1.0,pcs.,0.0,,,,,,,,,1.2,complete standardised plc-cabinet for conveyors (+h101),,pcs.,,,,,,Electrics,B
1.3,Cooling device for door of control cabinet,0.0,0.0,0.0,,4.0,pcs.,0.0,,,,,,,,,1.3,cooling device for door of control cabinet,,pcs.,,,,,,Electrics,B
1.4,Power supply cabling incl. measurement protocol,0.0,0.0,0.0,,1.0,pcs.,0.0,,,,,,,,,1.4,power supply cabling incl. measurement protocol,,pcs.,,,,,,Electrics,B
1.5,HTS_; decentral drive cabinet (+H121),0.0,0.0,0.0,,2.0,pcs.,0.0,,,,,,,,,1.5,hts_; decentral drive cabinet (+h121),,pcs.,,,,,,Electrics,B
1.6,Transformer 480V to 400V + Disconnect,0.0,0.0,0.0,,1.0,pcs.,0.0,,,,,,,,,1.6,transformer 480v to 400v + disconnect,,pcs.,,,,,,Electrics,B
1.7,"Control cabinet 600 x 2000 x 500, 
empty cabinet with basic equipment",0.0,0.0,0.0,,1.0,pcs.,0.0,,,,,,,,,1.7,"control cabinet 600 x 2000 x 500, 
empty cabinet with basic equipment",,pcs.,,,,,,Electrics,B
1.8,BR_; Unit control panel with VISU,0.0,0.0,0.0,,1.0,pcs.,0.0,,,,,,,,,1.8,br_; unit control panel with visu,,pcs.,,,,,,Electrics,B
1.9,BS_; unit control station with display,0.0,0.0,0.0,,4.0,pcs.,0.0,,,,,,,,,1.9,bs_; unit control station with display,,pcs.,,,,,,Electrics,B
1.10,Additional visualization image,0.0,0.0,0.0,,8.0,pcs.,0.0,,,,,,,,,1.10,additional visualization image,,pcs.,,,,,,Electrics,B
1.11,BAH; Operation stop with external visualization (blue),0.0,0.0,0.0,,4.0,pcs.,0.0,,,,,,,,,1.11,bah; operation stop with external visualization (blue),,pcs.,,,,,,Electrics,B
1.12,Departure control at end of line,0.0,0.0,0.0,,1.0,pcs.,0.0,,,,,,,,,1.12,departure control at end of line,,pcs.,,,,,,Electrics,B
1.13,Flashlight,0.0,0.0,0.0,,3.0,pcs.,0.0,,,,,,,,,1.13,flashlight,,pcs.,,,,,,Electrics,B
1.14,External indication red/green,0.0,0.0,0.0,,6.0,pcs.,0.0,,,,,,,,,1.14,external indication red/green,,pcs.,,,,,,Electrics,B
1.15,Beacon light,0.0,0.0,0.0,,3.0,pcs.,0.0,,,,,,,,,1.15,beacon light,,pcs.,,,,,,Electrics,B
1.16,Signal horn,0.0,0.0,0.0,,3.0,pcs.,0.0,,,,,,,,,1.16,signal horn,,pcs.,,,,,,Electrics,B
1.17,WAS; maintenance switch,0.0,0.0,0.0,,1.0,pcs.,0.0,,,,,,,,,1.17,was; maintenance switch,,pcs.,,,,,,Electrics,B
1.18,Laser scanner area protection,0.0,0.0,0.0,,3.0,pcs.,0.0,,,,,,,,,1.18,laser scanner area protection,,pcs.,,,,,,Electrics,B
1.19,Light curtain + muting,0.0,0.0,0.0,,2.0,pcs.,0.0,,,,,,,,,1.19,light curtain + muting,,pcs.,,,,,,Electrics,B
1.20,E-Stop standard,0.0,0.0,0.0,,12.0,pcs.,0.0,,,,,,,,,1.20,e-stop standard,,pcs.,,,,,,Electrics,B
1.21,PK_; hinged tailgate with light curtain,0.0,0.0,0.0,,2.0,pcs.,0.0,,,,,,,,,1.21,pk_; hinged tailgate with light curtain,,pcs.,,,,,,Electrics,B
1.22,STU; safety door with panel,0.0,0.0,0.0,,2.0,pcs.,0.0,,,,,,,,,1.22,stu; safety door with panel,,pcs.,,,,,,Electrics,B
1.23,EV_; locking via PN/PN coupler (with coupler),0.0,0.0,0.0,,3.0,pcs.,0.0,,,,,,,,,1.23,ev_; locking via pn/pn coupler (with coupler),,pcs.,,,,,,Electrics,B
1.24,Interface to PLUS / middleware,0.0,0.0,0.0,,1.0,pcs.,0.0,,,,,,,,,1.24,interface to plus / middleware,,pcs.,,,,,,Electrics,B
1.25,Interface to control room,0.0,0.0,0.0,,1.0,pcs.,0.0,,,,,,,,,1.25,interface to control room,,pcs.,,,,,,Electrics,B
1.26,Additional functions,0.0,0.0,0.0,,1.0,pcs.,0.0,,,,,,,,,1.26,additional functions,,pcs.,,,,,,Electrics,B
1.27,Data driven tracking,0.0,0.0,0.0,,1.0,pcs.,0.0,,,,,,,,,1.27,data driven tracking,,pcs.,,,,,,Electrics,B
1.28,ZA; counting with automatic comparison,0.0,0.0,0.0,,3.0,pcs.,0.0,,,,,,,,,1.28,za; counting with automatic comparison,,pcs.,,,,,,Electrics,B
1.29,ZA; counting (hardware),0.0,0.0,0.0,,3.0,pcs.,,,,,,,,,,1.29,za; counting (hardware),,pcs.,,,,,,Electrics,B
1.30,HE; lifter _S with absolute encoder,0.0,0.0,0.0,,2.0,pcs.,0.0,,,,,,,,,1.30,he; lifter _s with absolute encoder,,pcs.,,,,,,Electrics,B
1.31,HE_; decentralized lift cabinet (+H121),0.0,0.0,0.0,,2.0,pcs.,0.0,,,,,,,,,1.31,he_; decentralized lift cabinet (+h121),,pcs.,,,,,,Electrics,B
1.32,HER; roller conveyor on lifter 2R2G,0.0,0.0,0.0,,2.0,pcs.,0.0,,,,,,,,,1.32,her; roller conveyor on lifter 2r2g,,pcs.,,,,,,Electrics,B
1.33,QF; cross conveyor 2R1G,0.0,0.0,0.0,,1.0,pcs.,0.0,,,,,,,,,1.33,qf; cross conveyor 2r1g,,pcs.,,,,,,Electrics,B
1.34,RF; roller bed conveyor 2R2G,0.0,0.0,0.0,,9.0,pcs.,0.0,,,,,,,,,1.34,rf; roller bed conveyor 2r2g,,pcs.,,,,,,Electrics,B
1.35,HTS; Motorized scissor lift table 2S with belt,0.0,0.0,0.0,,1.0,pcs.,0.0,,,,,,,,,1.35,hts; motorized scissor lift table 2s with belt,,pcs.,,,,,,Electrics,B
1.36,"HTM; Motorized 2S lifting table with HTR, lifting table roller conveyor",0.0,0.0,0.0,,2.0,pcs.,0.0,,,,,,,,,1.36,"htm; motorized 2s lifting table with htr, lifting table roller conveyor",,pcs.,,,,,,Electrics,B
1.37,1set Vibration Sensors LUMP SUM Mechanic/Electric,0.0,0.0,0.0,,2.0,pcs.,0.0,,,,,,,,,1.37,1set vibration sensors lump sum mechanic/electric,,pcs.,,,,,,Electrics,B
1.38,Electrical installation on-site total RfQ,0.0,0.0,0.0,,1.0,pcs.,0.0,Dismanteling Control Cabinets and Cable Trays,,,,,,,,1.38,electrical installation on-site total rfq,,pcs.,dismanteling control cabinets and cable trays,,,,,Electrics,B
,,0.0,0.0,0.0,,,,0.0,,,,,,,,,,,,,,,,,,Electrics,B
,,0.0,0.0,0.0,,,,0.0,,,,,,,,,,,,,,,,,,Electrics,B
,,0.0,0.0,0.0,,,,0.0,,,,,,,,,,,,,,,,,,Electrics,B
1.,Total Price:,,,,,,,0.0,,,,,,,,,1.,total price:,,,,,,,,Electrics,B
,,,,,,,,,,,,,,,,,,,,,,,,,,Electrics,B
2.,,,,,,,,,,,,,,,,,2.,,,,,,,,,Electrics,B
,,,,0.0,,,,0.0,,,,,,,,,,,,,,,,,,Electrics,B
,,,,0.0,,,,0.0,,,,,,,,,,,,,,,,,,Electrics,B
,,,,0.0,,,,0.0,,,,,,,,,,,,,,,,,,Electrics,B
,,,,0.0,,,,0.0,,,,,,,,,,,,,,,,,,Electrics,B
,,,,0.0,,,,0.0,,,,,,,,,,,,,,,,,,Electrics,B
,,,,0.0,,,,0.0,,,,,,,,,,,,,,,,,,Electrics,B
,,,,0.0,,,,0.0,,,,,,,,,,,,,,,,,,Electrics,B
,,,,0.0,,,,0.0,,,,,,,,,,,,,,,,,,Electrics,B
,,,,0.0,,,,0.0,,,,,,,,,,,,,,,,,,Electrics,B
,,,,0.0,,,,0.0,,,,,,,,,,,,,,,,,,Electrics,B
,,,,0.0,,,,0.0,,,,,,,,,,,,,,,,,,Electrics,B
,,,,0.0,,,,0.0,,,,,,,,,,,,,,,,,,Electrics,B
,,,,0.0,,,,0.0,,,,,,,,,,,,,,,,,,Electrics,B
,,,,0.0,,,,0.0,,,,,,,,,,,,,,,,,,Electrics,B
,,,,0.0,,,,0.0,,,,,,,,,,,,,,,,,,Electrics,B
,,,,0.0,,,,0.0,,,,,,,,,,,,,,,,,,Electrics,B
,,,,0.0,,,,0.0,,,,,,,,,,,,,,,,,,Electrics,B
,,,,0.0,,,,0.0,,,,,,,,,,,,,,,,,,Electrics,B
,,,,0.0,,,,0.0,,,,,,,,,,,,,,,,,,Electrics,B
,,,,0.0,,,,0.0,,,,,,,,,,,,,,,,,,Electrics,B
,,,,0.0,,,,0.0,,,,,,,,,,,,,,,,,,Electrics,B
,,,,0.0,,,,0.0,,,,,,,,,,,,,,,,,,Electrics,B
,,,,0.0,,,,0.0,,,,,,,,,,,,,,,,,,Electrics,B
,,,,0.0,,,,0.0,,,,,,,,,,,,,,,,,,Electrics,B
,,,,0.0,,,,0.0,,,,,,,,,,,,,,,,,,Electrics,B
,,,,0.0,,,,0.0,,,,,,,,,,,,,,,,,,Electrics,B
,,,,0.0,,,,0.0,,,,,,,,,,,,,,,,,,Electrics,B
,,,,0.0,,,,0.0,,,,,,,,,,,,,,,,,,Electrics,B
,,,,0.0,,,,0.0,,,,,,,,,,,,,,,,,,Electrics,B
,,,,0.0,,,,0.0,,,,,,,,,,,,,,,,,,Electrics,B
,,,,0.0,,,,0.0,,,,,,,,,,,,,,,,,,Electrics,B
,,,,0.0,,,,0.0,,,,,,,,,,,,,,,,,,Electrics,B
,,,,0.0,,,,0.0,,,,,,,,,,,,,,,,,,Electrics,B
,,,,0.0,,,,0.0,,,,,,,,,,,,,,,,,,Electrics,B
,,,,0.0,,,,0.0,,,,,,,,,,,,,,,,,,Electrics,B
,,,,0.0,,,,0.0,,,,,,,,,,,,,,,,,,Electrics,B
,,,,0.0,,,,0.0,,,,,,,,,,,,,,,,,,Electrics,B
,,,,0.0,,,,0.0,,,,,,,,,,,,,,,,,,Electrics,B
,,,,0.0,,,,,,,,,,,,,,,,,,,,,,Electrics,B
,,,,0.0,,,,0.0,,,,,,,,,,,,,,,,,,Electrics,B
,,,,0.0,,,,0.0,,,,,,,,,,,,,,,,,,Electrics,B
,,,,0.0,,,,0.0,,,,,,,,,,,,,,,,,,Electrics,B
,,,,0.0,,,,0.0,,,,,,,,,,,,,,,,,,Electrics,B
,,,,0.0,,,,0.0,,,,,,,,,,,,,,,,,,Electrics,B
,,,,0.0,,,,0.0,,,,,,,,,,,,,,,,,,Electrics,B
,,,,0.0,,,,0.0,,,,,,,,,,,,,,,,,,Electrics,B
,,,,0.0,,,,0.0,,,,,,,,,,,,,,,,,,Electrics,B
,,,,0.0,,,,0.0,,,,,,,,,,,,,,,,,,Electrics,B
,,,,,,,,,,,,,,,,,,,,,,,,,,Electrics,B
2.,"Total Price: 
",,,,,,,0.0,,,,,,,,,2.,total price:,,,,,,,,Electrics,B
,,,,,,,,,,,,,,,,,,,,,,,,,,Electrics,B
3.,,,,,,,,,,,,,,,,,3.,,,,,,,,,Electrics,B
,,,,0.0,,,,0.0,,,,,,,,,,,,,,,,,,Electrics,B
,,,,0.0,,,,0.0,,,,,,,,,,,,,,,,,,Electrics,B
,,,,0.0,,,,0.0,,,,,,,,,,,,,,,,,,Electrics,B
,,,,0.0,,,,0.0,,,,,,,,,,,,,,,,,,Electrics,B
,,,,0.0,,,,0.0,,,,,,,,,,,,,,,,,,Electrics,B
,,,,0.0,,,,0.0,,,,,,,,,,,,,,,,,,Electrics,B
,,,,0.0,,,,0.0,,,,,,,,,,,,,,,,,,Electrics,B
,,,,0.0,,,,0.0,,,,,,,,,,,,,,,,,,Electrics,B
,,,,0.0,,,,0.0,,,,,,,,,,,,,,,,,,Electrics,B
,,,,0.0,,,,0.0,,,,,,,,,,,,,,,,,,Electrics,B
,,,,0.0,,,,0.0,,,,,,,,,,,,,,,,,,Electrics,B
,,,,0.0,,,,0.0,,,,,,,,,,,,,,,,,,Electrics,B
,,,,0.0,,,,0.0,,,,,,,,,,,,,,,,,,Electrics,B
,,,,0.0,,,,0.0,,,,,,,,,,,,,,,,,,Electrics,B
,,,,0.0,,,,0.0,,,,,,,,,,,,,,,,,,Electrics,B
,,,,0.0,,,,0.0,,,,,,,,,,,,,,,,,,Electrics,B
,,,,0.0,,,,0.0,,,,,,,,,,,,,,,,,,Electrics,B
,,,,0.0,,,,0.0,,,,,,,,,,,,,,,,,,Electrics,B
,,,,0.0,,,,0.0,,,,,,,,,,,,,,,,,,Electrics,B
,,,,0.0,,,,0.0,,,,,,,,,,,,,,,,,,Electrics,B
,,,,0.0,,,,0.0,,,,,,,,,,,,,,,,,,Electrics,B
,,,,0.0,,,,0.0,,,,,,,,,,,,,,,,,,Electrics,B
,,,,0.0,,,,0.0,,,,,,,,,,,,,,,,,,Electrics,B
,,,,0.0,,,,0.0,,,,,,,,,,,,,,,,,,Electrics,B
,,,,0.0,,,,0.0,,,,,,,,,,,,,,,,,,Electrics,B
,,,,0.0,,,,0.0,,,,,,,,,,,,,,,,,,Electrics,B
,,,,,,,,,,,,,,,,,,,,,,,,,,Electrics,B
3.,"Total Price: 
",,,,,,,0.0,,,,,,,,,3.,total price:,,,,,,,,Electrics,B
,,,,,,,,,,,,,,,,,,,,,,,,,,Electrics,B
4.,,,,,,,,,,,,,,,,,4.,,,,,,,,,Electrics,B
,,,,0.0,,,,0.0,,,,,,,,,,,,,,,,,,Electrics,B
,,,,0.0,,,,0.0,,,,,,,,,,,,,,,,,,Electrics,B
,,,,0.0,,,,0.0,,,,,,,,,,,,,,,,,,Electrics,B
,,,,0.0,,,,0.0,,,,,,,,,,,,,,,,,,Electrics,B
,,,,0.0,,,,0.0,,,,,,,,,,,,,,,,,,Electrics,B
,,,,0.0,,,,0.0,,,,,,,,,,,,,,,,,,Electrics,B
,,,,0.0,,,,0.0,,,,,,,,,,,,,,,,,,Electrics,B
,,,,0.0,,,,0.0,,,,,,,,,,,,,,,,,,Electrics,B
,,,,0.0,,,,0.0,,,,,,,,,,,,,,,,,,Electrics,B
,,,,0.0,,,,0.0,,,,,,,,,,,,,,,,,,Electrics,B
,,,,0.0,,,,0.0,,,,,,,,,,,,,,,,,,Electrics,B
,,,,0.0,,,,0.0,,,,,,,,,,,,,,,,,,Electrics,B
,,,,0.0,,,,0.0,,,,,,,,,,,,,,,,,,Electrics,B
,,,,0.0,,,,0.0,,,,,,,,,,,,,,,,,,Electrics,B
,,,,0.0,,,,0.0,,,,,,,,,,,,,,,,,,Electrics,B
,,,,0.0,,,,0.0,,,,,,,,,,,,,,,,,,Electrics,B
,,,,0.0,,,,0.0,,,,,,,,,,,,,,,,,,Electrics,B
,,,,0.0,,,,0.0,,,,,,,,,,,,,,,,,,Electrics,B
,,,,0.0,,,,0.0,,,,,,,,,,,,,,,,,,Electrics,B
,,,,0.0,,,,0.0,,,,,,,,,,,,,,,,,,Electrics,B
,,,,0.0,,,,0.0,,,,,,,,,,,,,,,,,,Electrics,B
,,,,0.0,,,,0.0,,,,,,,,,,,,,,,,,,Electrics,B
,,,,0.0,,,,0.0,,,,,,,,,,,,,,,,,,Electrics,B
,,,,0.0,,,,0.0,,,,,,,,,,,,,,,,,,Electrics,B
,,,,0.0,,,,0.0,,,,,,,,,,,,,,,,,,Electrics,B
,,,,0.0,,,,0.0,,,,,,,,,,,,,,,,,,Electrics,B
,,,,0.0,,,,0.0,,,,,,,,,,,,,,,,,,Electrics,B
,,,,0.0,,,,0.0,,,,,,,,,,,,,,,,,,Electrics,B
,,,,0.0,,,,0.0,,,,,,,,,,,,,,,,,,Electrics,B
,,,,0.0,,,,0.0,,,,,,,,,,,,,,,,,,Electrics,B
,,,,0.0,,,,0.0,,,,,,,,,,,,,,,,,,Electrics,B
,,,,0.0,,,,0.0,,,,,,,,,,,,,,,,,,Electrics,B
,,,,0.0,,,,0.0,,,,,,,,,,,,,,,,,,Electrics,B
,,,,0.0,,,,0.0,,,,,,,,,,,,,,,,,,Electrics,B
,,,,0.0,,,,0.0,,,,,,,,,,,,,,,,,,Electrics,B
,,,,0.0,,,,0.0,,,,,,,,,,,,,,,,,,Electrics,B
,,,,0.0,,,,0.0,,,,,,,,,,,,,,,,,,Electrics,B
,,,,0.0,,,,0.0,,,,,,,,,,,,,,,,,,Electrics,B
,,,,0.0,,,,0.0,,,,,,,,,,,,,,,,,,Electrics,B
,,,,0.0,,,,0.0,,,,,,,,,,,,,,,,,,Electrics,B
,,,,0.0,,,,0.0,,,,,,,,,,,,,,,,,,Electrics,B
,,,,0.0,,,,0.0,,,,,,,,,,,,,,,,,,Electrics,B
,,,,0.0,,,,0.0,,,,,,,,,,,,,,,,,,Electrics,B
,,,,0.0,,,,0.0,,,,,,,,,,,,,,,,,,Electrics,B
,,,,0.0,,,,0.0,,,,,,,,,,,,,,,,,,Electrics,B
,,,,0.0,,,,0.0,,,,,,,,,,,,,,,,,,Electrics,B
,,,,0.0,,,,0.0,,,,,,,,,,,,,,,,,,Electrics,B
,,,,0.0,,,,0.0,,,,,,,,,,,,,,,,,,Electrics,B
,,,,0.0,,,,0.0,,,,,,,,,,,,,,,,,,Electrics,B
,,,,,,,,,,,,,,,,,,,,,,,,,,Electrics,B
4.,"Total Price: 
",,,,,,,0.0,,,,,,,,,4.,total price:,,,,,,,,Electrics,B
,,,,,,,,,,,,,,,,,,,,,,,,,,Electrics,B
5.,,,,,,,,,,,,,,,,,5.,,,,,,,,,Electrics,B
5.1,,,,0.0,,,,0.0,,,,,,,,,5.1,,,,,,,,,Electrics,B
5.2,,,,0.0,,,,0.0,,,,,,,,,5.2,,,,,,,,,Electrics,B
5.3,,,,0.0,,,,0.0,,,,,,,,,5.3,,,,,,,,,Electrics,B
5.4,,,,0.0,,,,0.0,,,,,,,,,5.4,,,,,,,,,Electrics,B
5.5,,,,0.0,,,,0.0,,,,,,,,,5.5,,,,,,,,,Electrics,B
5.6,,,,0.0,,,,0.0,,,,,,,,,5.6,,,,,,,,,Electrics,B
5.7,,,,0.0,,,,0.0,,,,,,,,,5.7,,,,,,,,,Electrics,B
5.8,,,,0.0,,,,0.0,,,,,,,,,5.8,,,,,,,,,Electrics,B
5.9,,,,0.0,,,,0.0,,,,,,,,,5.9,,,,,,,,,Electrics,B
5.10,,,,0.0,,,,0.0,,,,,,,,,5.10,,,,,,,,,Electrics,B
5.11,,,,0.0,,,,0.0,,,,,,,,,5.11,,,,,,,,,Electrics,B
5.12,,,,0.0,,,,0.0,,,,,,,,,5.12,,,,,,,,,Electrics,B
5.13,,,,0.0,,,,0.0,,,,,,,,,5.13,,,,,,,,,Electrics,B
5.14,,,,0.0,,,,0.0,,,,,,,,,5.14,,,,,,,,,Electrics,B
5.15,,,,0.0,,,,0.0,,,,,,,,,5.15,,,,,,,,,Electrics,B
5.16,,,,0.0,,,,0.0,,,,,,,,,5.16,,,,,,,,,Electrics,B
5.17,,,,0.0,,,,0.0,,,,,,,,,5.17,,,,,,,,,Electrics,B
5.18,,,,0.0,,,,0.0,,,,,,,,,5.18,,,,,,,,,Electrics,B
5.19,,,,0.0,,,,0.0,,,,,,,,,5.19,,,,,,,,,Electrics,B
5.20,,,,0.0,,,,0.0,,,,,,,,,5.20,,,,,,,,,Electrics,B
5.21,,,,0.0,,,,0.0,,,,,,,,,5.21,,,,,,,,,Electrics,B
5.22,,,,0.0,,,,0.0,,,,,,,,,5.22,,,,,,,,,Electrics,B
5.23,,,,0.0,,,,0.0,,,,,,,,,5.23,,,,,,,,,Electrics,B
,,,,0.0,,,,0.0,,,,,,,,,,,,,,,,,,Electrics,B
,,,,0.0,,,,0.0,,,,,,,,,,,,,,,,,,Electrics,B
,,,,0.0,,,,0.0,,,,,,,,,,,,,,,,,,Electrics,B
,,,,,,,,,,,,,,,,,,,,,,,,,,Electrics,B
5.,"Total Price: 
",,,,,,,0.0,,,,,,,,,5.,total price:,,,,,,,,Electrics,B
,,,,,,,,,,,,,,,,,,,,,,,,,,Electrics,B
6.,,,,,,,,,,,,,,,,,6.,,,,,,,,,Electrics,B
6.1,,,,0.0,,,,0.0,,,,,,,,,6.1,,,,,,,,,Electrics,B
6.2,,,,0.0,,,,0.0,,,,,,,,,6.2,,,,,,,,,Electrics,B
6.3,,,,0.0,,,,0.0,,,,,,,,,6.3,,,,,,,,,Electrics,B
6.4,,,,0.0,,,,0.0,,,,,,,,,6.4,,,,,,,,,Electrics,B
6.5,,,,0.0,,,,0.0,,,,,,,,,6.5,,,,,,,,,Electrics,B
6.6,,,,0.0,,,,0.0,,,,,,,,,6.6,,,,,,,,,Electrics,B
6.7,,,,0.0,,,,0.0,,,,,,,,,6.7,,,,,,,,,Electrics,B
6.8,,,,0.0,,,,0.0,,,,,,,,,6.8,,,,,,,,,Electrics,B
6.9,,,,0.0,,,,0.0,,,,,,,,,6.9,,,,,,,,,Electrics,B
6.10,,,,0.0,,,,0.0,,,,,,,,,6.10,,,,,,,,,Electrics,B
6.11,,,,0.0,,,,0.0,,,,,,,,,6.11,,,,,,,,,Electrics,B
6.12,,,,0.0,,,,0.0,,,,,,,,,6.12,,,,,,,,,Electrics,B
6.13,,,,0.0,,,,0.0,,,,,,,,,6.13,,,,,,,,,Electrics,B
6.14,,,,0.0,,,,0.0,,,,,,,,,6.14,,,,,,,,,Electrics,B
6.15,,,,0.0,,,,0.0,,,,,,,,,6.15,,,,,,,,,Electrics,B
6.16,,,,0.0,,,,0.0,,,,,,,,,6.16,,,,,,,,,Electrics,B
6.17,,,,0.0,,,,0.0,,,,,,,,,6.17,,,,,,,,,Electrics,B
6.18,,,,0.0,,,,0.0,,,,,,,,,6.18,,,,,,,,,Electrics,B
6.19,,,,0.0,,,,0.0,,,,,,,,,6.19,,,,,,,,,Electrics,B
6.20,,,,0.0,,,,0.0,,,,,,,,,6.20,,,,,,,,,Electrics,B
6.21,,,,0.0,,,,0.0,,,,,,,,,6.21,,,,,,,,,Electrics,B
6.22,,,,0.0,,,,0.0,,,,,,,,,6.22,,,,,,,,,Electrics,B
6.23,,,,0.0,,,,0.0,,,,,,,,,6.23,,,,,,,,,Electrics,B
6.24,,,,0.0,,,,0.0,,,,,,,,,6.24,,,,,,,,,Electrics,B
6.25,,,,0.0,,,,0.0,,,,,,,,,6.25,,,,,,,,,Electrics,B
6.26,,,,0.0,,,,0.0,,,,,,,,,6.26,,,,,,,,,Electrics,B
,,,,0.0,,,,0.0,,,,,,,,,,,,,,,,,,Electrics,B
,,,,0.0,,,,0.0,,,,,,,,,,,,,,,,,,Electrics,B
,,,,0.0,,,,0.0,,,,,,,,,,,,,,,,,,Electrics,B
,,,,,,,,,,,,,,,,,,,,,,,,,,Electrics,B
6.,"Total Price: 
",,,,,,,0.0,,,,,,,,,6.,total price:,,,,,,,,Electrics,B
,,,,,,,,,,,,,,,,,,,,,,,,,,Electrics,B
7.,,,,,,,,,,,,,,,,,7.,,,,,,,,,Electrics,B
7.1,,,,0.0,,,,0.0,,,,,,,,,7.1,,,,,,,,,Electrics,B
7.2,,,,0.0,,,,0.0,,,,,,,,,7.2,,,,,,,,,Electrics,B
7.3,,,,0.0,,,,0.0,,,,,,,,,7.3,,,,,,,,,Electrics,B
7.4,,,,0.0,,,,0.0,,,,,,,,,7.4,,,,,,,,,Electrics,B
7.5,,,,0.0,,,,0.0,,,,,,,,,7.5,,,,,,,,,Electrics,B
7.6,,,,0.0,,,,0.0,,,,,,,,,7.6,,,,,,,,,Electrics,B
7.7,,,,0.0,,,,0.0,,,,,,,,,7.7,,,,,,,,,Electrics,B
7.8,,,,0.0,,,,0.0,,,,,,,,,7.8,,,,,,,,,Electrics,B
7.9,,,,0.0,,,,0.0,,,,,,,,,7.9,,,,,,,,,Electrics,B
7.10,,,,0.0,,,,0.0,,,,,,,,,7.10,,,,,,,,,Electrics,B
7.11,,,,0.0,,,,0.0,,,,,,,,,7.11,,,,,,,,,Electrics,B
7.12,,,,0.0,,,,0.0,,,,,,,,,7.12,,,,,,,,,Electrics,B
7.13,,,,0.0,,,,0.0,,,,,,,,,7.13,,,,,,,,,Electrics,B
7.14,,,,0.0,,,,0.0,,,,,,,,,7.14,,,,,,,,,Electrics,B
7.15,,,,0.0,,,,0.0,,,,,,,,,7.15,,,,,,,,,Electrics,B
7.16,,,,0.0,,,,0.0,,,,,,,,,7.16,,,,,,,,,Electrics,B
7.17,,,,0.0,,,,0.0,,,,,,,,,7.17,,,,,,,,,Electrics,B
7.18,,,,0.0,,,,0.0,,,,,,,,,7.18,,,,,,,,,Electrics,B
7.19,,,,0.0,,,,0.0,,,,,,,,,7.19,,,,,,,,,Electrics,B
7.20,,,,0.0,,,,0.0,,,,,,,,,7.20,,,,,,,,,Electrics,B
7.21,,,,0.0,,,,0.0,,,,,,,,,7.21,,,,,,,,,Electrics,B
7.22,,,,0.0,,,,0.0,,,,,,,,,7.22,,,,,,,,,Electrics,B
,,,,0.0,,,,0.0,,,,,,,,,,,,,,,,,,Electrics,B
,,,,0.0,,,,0.0,,,,,,,,,,,,,,,,,,Electrics,B
,,,,0.0,,,,0.0,,,,,,,,,,,,,,,,,,Electrics,B
,,,,,,,,,,,,,,,,,,,,,,,,,,Electrics,B
7.,"Total Price: 
",,,,,,,0.0,,,,,,,,,7.,total price:,,,,,,,,Electrics,B
,,,,,,,,,,,,,,,,,,,,,,,,,,Electrics,B
8.,,,,,,,,,,,,,,,,,8.,,,,,,,,,Electrics,B
8.1,,,,0.0,,,,0.0,,,,,,,,,8.1,,,,,,,,,Electrics,B
8.2,,,,0.0,,,,0.0,,,,,,,,,8.2,,,,,,,,,Electrics,B
8.3,,,,0.0,,,,0.0,,,,,,,,,8.3,,,,,,,,,Electrics,B
8.4,,,,0.0,,,,0.0,,,,,,,,,8.4,,,,,,,,,Electrics,B
8.5,,,,0.0,,,,0.0,,,,,,,,,8.5,,,,,,,,,Electrics,B
8.6,,,,0.0,,,,0.0,,,,,,,,,8.6,,,,,,,,,Electrics,B
8.7,,,,0.0,,,,0.0,,,,,,,,,8.7,,,,,,,,,Electrics,B
8.8,,,,0.0,,,,0.0,,,,,,,,,8.8,,,,,,,,,Electrics,B
8.9,,,,0.0,,,,0.0,,,,,,,,,8.9,,,,,,,,,Electrics,B
8.10,,,,0.0,,,,0.0,,,,,,,,,8.10,,,,,,,,,Electrics,B
8.11,,,,0.0,,,,0.0,,,,,,,,,8.11,,,,,,,,,Electrics,B
8.12,,,,0.0,,,,0.0,,,,,,,,,8.12,,,,,,,,,Electrics,B
8.13,,,,0.0,,,,0.0,,,,,,,,,8.13,,,,,,,,,Electrics,B
8.14,,,,0.0,,,,0.0,,,,,,,,,8.14,,,,,,,,,Electrics,B
8.15,,,,0.0,,,,0.0,,,,,,,,,8.15,,,,,,,,,Electrics,B
8.16,,,,0.0,,,,0.0,,,,,,,,,8.16,,,,,,,,,Electrics,B
8.17,,,,0.0,,,,0.0,,,,,,,,,8.17,,,,,,,,,Electrics,B
8.18,,,,0.0,,,,0.0,,,,,,,,,8.18,,,,,,,,,Electrics,B
8.19,,,,0.0,,,,0.0,,,,,,,,,8.19,,,,,,,,,Electrics,B
8.20,,,,0.0,,,,0.0,,,,,,,,,8.20,,,,,,,,,Electrics,B
8.21,,,,0.0,,,,0.0,,,,,,,,,8.21,,,,,,,,,Electrics,B
8.22,,,,0.0,,,,0.0,,,,,,,,,8.22,,,,,,,,,Electrics,B
8.23,,,,0.0,,,,0.0,,,,,,,,,8.23,,,,,,,,,Electrics,B
8.24,,,,0.0,,,,0.0,,,,,,,,,8.24,,,,,,,,,Electrics,B
,,,,0.0,,,,0.0,,,,,,,,,,,,,,,,,,Electrics,B
,,,,0.0,,,,0.0,,,,,,,,,,,,,,,,,,Electrics,B
,,,,0.0,,,,0.0,,,,,,,,,,,,,,,,,,Electrics,B
,,,,,,,,,,,,,,,,,,,,,,,,,,Electrics,B
8.,"Total Price: 
",,,,,,,0.0,,,,,,,,,8.,total price:,,,,,,,,Electrics,B
,,,,,,,,,,,,,,,,,,,,,,,,,,Electrics,B
9.,,,,,,,,,,,,,,,,,9.,,,,,,,,,Electrics,B
9.1,,,,0.0,,,,0.0,,,,,,,,,9.1,,,,,,,,,Electrics,B
9.2,,,,0.0,,,,0.0,,,,,,,,,9.2,,,,,,,,,Electrics,B
9.3,,,,0.0,,,,0.0,,,,,,,,,9.3,,,,,,,,,Electrics,B
9.4,,,,0.0,,,,0.0,,,,,,,,,9.4,,,,,,,,,Electrics,B
9.5,,,,0.0,,,,0.0,,,,,,,,,9.5,,,,,,,,,Electrics,B
9.6,,,,0.0,,,,0.0,,,,,,,,,9.6,,,,,,,,,Electrics,B
9.7,,,,0.0,,,,0.0,,,,,,,,,9.7,,,,,,,,,Electrics,B
9.8,,,,0.0,,,,0.0,,,,,,,,,9.8,,,,,,,,,Electrics,B
9.9,,,,0.0,,,,0.0,,,,,,,,,9.9,,,,,,,,,Electrics,B
9.10,,,,0.0,,,,0.0,,,,,,,,,9.10,,,,,,,,,Electrics,B
9.11,,,,0.0,,,,0.0,,,,,,,,,9.11,,,,,,,,,Electrics,B
9.12,,,,0.0,,,,0.0,,,,,,,,,9.12,,,,,,,,,Electrics,B
9.13,,,,0.0,,,,0.0,,,,,,,,,9.13,,,,,,,,,Electrics,B
9.14,,,,0.0,,,,0.0,,,,,,,,,9.14,,,,,,,,,Electrics,B
9.15,,,,0.0,,,,0.0,,,,,,,,,9.15,,,,,,,,,Electrics,B
9.16,,,,0.0,,,,0.0,,,,,,,,,9.16,,,,,,,,,Electrics,B
9.17,,,,0.0,,,,0.0,,,,,,,,,9.17,,,,,,,,,Electrics,B
9.18,,,,0.0,,,,0.0,,,,,,,,,9.18,,,,,,,,,Electrics,B
9.19,,,,0.0,,,,0.0,,,,,,,,,9.19,,,,,,,,,Electrics,B
9.20,,,,0.0,,,,0.0,,,,,,,,,9.20,,,,,,,,,Electrics,B
9.21,,,,0.0,,,,0.0,,,,,,,,,9.21,,,,,,,,,Electrics,B
9.22,,,,0.0,,,,0.0,,,,,,,,,9.22,,,,,,,,,Electrics,B
9.23,,,,0.0,,,,0.0,,,,,,,,,9.23,,,,,,,,,Electrics,B
9.24,,,,0.0,,,,0.0,,,,,,,,,9.24,,,,,,,,,Electrics,B
9.25,,,,0.0,,,,0.0,,,,,,,,,9.25,,,,,,,,,Electrics,B
9.26,,,,0.0,,,,0.0,,,,,,,,,9.26,,,,,,,,,Electrics,B
,,,,0.0,,,,0.0,,,,,,,,,,,,,,,,,,Electrics,B
,,,,0.0,,,,0.0,,,,,,,,,,,,,,,,,,Electrics,B
,,,,0.0,,,,0.0,,,,,,,,,,,,,,,,,,Electrics,B
,,,,,,,,,,,,,,,,,,,,,,,,,,Electrics,B
9.,"Total Price: 
",,,,,,,0.0,,,,,,,,,9.,total price:,,,,,,,,Electrics,B
,,,,,,,,,,,,,,,,,,,,,,,,,,Electrics,B
10.,,,,,,,,,,,,,,,,,10.,,,,,,,,,Electrics,B
10.1,,,,0.0,,,,0.0,,,,,,,,,10.1,,,,,,,,,Electrics,B
10.2,,,,0.0,,,,0.0,,,,,,,,,10.2,,,,,,,,,Electrics,B
10.3,,,,0.0,,,,0.0,,,,,,,,,10.3,,,,,,,,,Electrics,B
10.4,,,,0.0,,,,0.0,,,,,,,,,10.4,,,,,,,,,Electrics,B
10.5,,,,0.0,,,,0.0,,,,,,,,,10.5,,,,,,,,,Electrics,B
10.6,,,,0.0,,,,0.0,,,,,,,,,10.6,,,,,,,,,Electrics,B
10.7,,,,0.0,,,,0.0,,,,,,,,,10.7,,,,,,,,,Electrics,B
10.8,,,,0.0,,,,0.0,,,,,,,,,10.8,,,,,,,,,Electrics,B
10.9,,,,0.0,,,,0.0,,,,,,,,,10.9,,,,,,,,,Electrics,B
10.10,,,,0.0,,,,0.0,,,,,,,,,10.10,,,,,,,,,Electrics,B
10.11,,,,0.0,,,,0.0,,,,,,,,,10.11,,,,,,,,,Electrics,B
10.12,,,,0.0,,,,0.0,,,,,,,,,10.12,,,,,,,,,Electrics,B
10.13,,,,0.0,,,,0.0,,,,,,,,,10.13,,,,,,,,,Electrics,B
10.14,,,,0.0,,,,0.0,,,,,,,,,10.14,,,,,,,,,Electrics,B
10.15,,,,0.0,,,,0.0,,,,,,,,,10.15,,,,,,,,,Electrics,B
10.16,,,,0.0,,,,0.0,,,,,,,,,10.16,,,,,,,,,Electrics,B
10.17,,,,0.0,,,,0.0,,,,,,,,,10.17,,,,,,,,,Electrics,B
10.18,,,,0.0,,,,0.0,,,,,,,,,10.18,,,,,,,,,Electrics,B
10.19,,,,0.0,,,,0.0,,,,,,,,,10.19,,,,,,,,,Electrics,B
10.20,,,,0.0,,,,0.0,,,,,,,,,10.20,,,,,,,,,Electrics,B
10.21,,,,0.0,,,,0.0,,,,,,,,,10.21,,,,,,,,,Electrics,B
10.22,,,,0.0,,,,0.0,,,,,,,,,10.22,,,,,,,,,Electrics,B
10.23,,,,0.0,,,,0.0,,,,,,,,,10.23,,,,,,,,,Electrics,B
10.24,,,,0.0,,,,0.0,,,,,,,,,10.24,,,,,,,,,Electrics,B
,,,,0.0,,,,0.0,,,,,,,,,,,,,,,,,,Electrics,B
,,,,0.0,,,,0.0,,,,,,,,,,,,,,,,,,Electrics,B
,,,,0.0,,,,0.0,,,,,,,,,,,,,,,,,,Electrics,B
,,,,,,,,,,,,,,,,,,,,,,,,,,Electrics,B
10.,"Total Price: 
",,,,,,,0.0,,,,,,,,,10.,total price:,,,,,,,,Electrics,B
,,,,,,,,,,,,,,,,,,,,,,,,,,Electrics,B
11.,,,,,,,,,,,,,,,,,11.,,,,,,,,,Electrics,B
11.1,,,,0.0,,,,0.0,,,,,,,,,11.1,,,,,,,,,Electrics,B
11.2,,,,0.0,,,,0.0,,,,,,,,,11.2,,,,,,,,,Electrics,B
11.3,,,,0.0,,,,0.0,,,,,,,,,11.3,,,,,,,,,Electrics,B
11.4,,,,0.0,,,,0.0,,,,,,,,,11.4,,,,,,,,,Electrics,B
11.5,,,,0.0,,,,0.0,,,,,,,,,11.5,,,,,,,,,Electrics,B
11.6,,,,0.0,,,,0.0,,,,,,,,,11.6,,,,,,,,,Electrics,B
11.7,,,,0.0,,,,0.0,,,,,,,,,11.7,,,,,,,,,Electrics,B
11.8,,,,0.0,,,,0.0,,,,,,,,,11.8,,,,,,,,,Electrics,B
11.9,,,,0.0,,,,0.0,,,,,,,,,11.9,,,,,,,,,Electrics,B
11.10,,,,0.0,,,,0.0,,,,,,,,,11.10,,,,,,,,,Electrics,B
11.11,,,,0.0,,,,0.0,,,,,,,,,11.11,,,,,,,,,Electrics,B
11.12,,,,0.0,,,,0.0,,,,,,,,,11.12,,,,,,,,,Electrics,B
11.13,,,,0.0,,,,0.0,,,,,,,,,11.13,,,,,,,,,Electrics,B
11.14,,,,0.0,,,,0.0,,,,,,,,,11.14,,,,,,,,,Electrics,B
11.15,,,,0.0,,,,0.0,,,,,,,,,11.15,,,,,,,,,Electrics,B
11.16,,,,0.0,,,,0.0,,,,,,,,,11.16,,,,,,,,,Electrics,B
11.17,,,,0.0,,,,0.0,,,,,,,,,11.17,,,,,,,,,Electrics,B
11.18,,,,0.0,,,,0.0,,,,,,,,,11.18,,,,,,,,,Electrics,B
11.19,,,,0.0,,,,0.0,,,,,,,,,11.19,,,,,,,,,Electrics,B
11.20,,,,0.0,,,,0.0,,,,,,,,,11.20,,,,,,,,,Electrics,B
11.21,,,,0.0,,,,0.0,,,,,,,,,11.21,,,,,,,,,Electrics,B
11.22,,,,0.0,,,,0.0,,,,,,,,,11.22,,,,,,,,,Electrics,B
11.23,,,,0.0,,,,0.0,,,,,,,,,11.23,,,,,,,,,Electrics,B
11.24,,,,0.0,,,,0.0,,,,,,,,,11.24,,,,,,,,,Electrics,B
11.25,,,,0.0,,,,0.0,,,,,,,,,11.25,,,,,,,,,Electrics,B
11.26,,,,0.0,,,,0.0,,,,,,,,,11.26,,,,,,,,,Electrics,B
11.29,,,,0.0,,,,0.0,,,,,,,,,11.29,,,,,,,,,Electrics,B
,,,,0.0,,,,0.0,,,,,,,,,,,,,,,,,,Electrics,B
,,,,0.0,,,,0.0,,,,,,,,,,,,,,,,,,Electrics,B
,,,,0.0,,,,0.0,,,,,,,,,,,,,,,,,,Electrics,B
,,,,,,,,,,,,,,,,,,,,,,,,,,Electrics,B
11.,"Total Price: 
",,,,,,,0.0,,,,,,,,,11.,total price:,,,,,,,,Electrics,B
,,,,,,,,,,,,,,,,,,,,,,,,,,Electrics,B
12.,,,,,,,,,,,,,,,,,12.,,,,,,,,,Electrics,B
12.1,,,,0.0,,,,0.0,,,,,,,,,12.1,,,,,,,,,Electrics,B
12.2,,,,0.0,,,,0.0,,,,,,,,,12.2,,,,,,,,,Electrics,B
12.3,,,,0.0,,,,0.0,,,,,,,,,12.3,,,,,,,,,Electrics,B
12.4,,,,0.0,,,,0.0,,,,,,,,,12.4,,,,,,,,,Electrics,B
12.5,,,,0.0,,,,0.0,,,,,,,,,12.5,,,,,,,,,Electrics,B
12.6,,,,0.0,,,,0.0,,,,,,,,,12.6,,,,,,,,,Electrics,B
12.7,,,,0.0,,,,0.0,,,,,,,,,12.7,,,,,,,,,Electrics,B
12.8,,,,0.0,,,,0.0,,,,,,,,,12.8,,,,,,,,,Electrics,B
12.9,,,,0.0,,,,0.0,,,,,,,,,12.9,,,,,,,,,Electrics,B
12.10,,,,0.0,,,,0.0,,,,,,,,,12.10,,,,,,,,,Electrics,B
12.11,,,,0.0,,,,0.0,,,,,,,,,12.11,,,,,,,,,Electrics,B
12.12,,,,0.0,,,,0.0,,,,,,,,,12.12,,,,,,,,,Electrics,B
12.13,,,,0.0,,,,0.0,,,,,,,,,12.13,,,,,,,,,Electrics,B
12.14,,,,0.0,,,,0.0,,,,,,,,,12.14,,,,,,,,,Electrics,B
12.15,,,,0.0,,,,0.0,,,,,,,,,12.15,,,,,,,,,Electrics,B
12.16,,,,0.0,,,,0.0,,,,,,,,,12.16,,,,,,,,,Electrics,B
12.17,,,,0.0,,,,0.0,,,,,,,,,12.17,,,,,,,,,Electrics,B
12.18,,,,0.0,,,,0.0,,,,,,,,,12.18,,,,,,,,,Electrics,B
12.19,,,,0.0,,,,0.0,,,,,,,,,12.19,,,,,,,,,Electrics,B
12.20,,,,0.0,,,,0.0,,,,,,,,,12.20,,,,,,,,,Electrics,B
12.21,,,,0.0,,,,0.0,,,,,,,,,12.21,,,,,,,,,Electrics,B
12.22,,,,0.0,,,,0.0,,,,,,,,,12.22,,,,,,,,,Electrics,B
12.23,,,,0.0,,,,0.0,,,,,,,,,12.23,,,,,,,,,Electrics,B
12.24,,,,0.0,,,,0.0,,,,,,,,,12.24,,,,,,,,,Electrics,B
12.25,,,,0.0,,,,0.0,,,,,,,,,12.25,,,,,,,,,Electrics,B
12.26,,,,0.0,,,,0.0,,,,,,,,,12.26,,,,,,,,,Electrics,B
12.27,,,,0.0,,,,0.0,,,,,,,,,12.27,,,,,,,,,Electrics,B
12.28,,,,0.0,,,,0.0,,,,,,,,,12.28,,,,,,,,,Electrics,B
12.29,,,,0.0,,,,0.0,,,,,,,,,12.29,,,,,,,,,Electrics,B
12.30,,,,0.0,,,,0.0,,,,,,,,,12.30,,,,,,,,,Electrics,B
12.38,,,,0.0,,,,0.0,,,,,,,,,12.38,,,,,,,,,Electrics,B
12.39,,,,0.0,,,,0.0,,,,,,,,,12.39,,,,,,,,,Electrics,B
12.40,,,,0.0,,,,0.0,,,,,,,,,12.40,,,,,,,,,Electrics,B
12.41,,,,0.0,,,,0.0,,,,,,,,,12.41,,,,,,,,,Electrics,B
12.42,,,,0.0,,,,0.0,,,,,,,,,12.42,,,,,,,,,Electrics,B
12.43,,,,0.0,,,,0.0,,,,,,,,,12.43,,,,,,,,,Electrics,B
12.44,,,,0.0,,,,0.0,,,,,,,,,12.44,,,,,,,,,Electrics,B
12.45,,,,0.0,,,,0.0,,,,,,,,,12.45,,,,,,,,,Electrics,B
12.46,,,,0.0,,,,0.0,,,,,,,,,12.46,,,,,,,,,Electrics,B
12.47,,,,0.0,,,,0.0,,,,,,,,,12.47,,,,,,,,,Electrics,B
12.48,,,,0.0,,,,0.0,,,,,,,,,12.48,,,,,,,,,Electrics,B
,,,,0.0,,,,0.0,,,,,,,,,,,,,,,,,,Electrics,B
,,,,0.0,,,,0.0,,,,,,,,,,,,,,,,,,Electrics,B
,,,,0.0,,,,0.0,,,,,,,,,,,,,,,,,,Electrics,B
,,,,,,,,,,,,,,,,,,,,,,,,,,Electrics,B
12.,"Total Price: 
",,,,,,,0.0,,,,,,,,,12.,total price:,,,,,,,,Electrics,B
,,,,,,,,,,,,,,,,,,,,,,,,,,Electrics,B
13.,,,,,,,,,,,,,,,,,13.,,,,,,,,,Electrics,B
13.1,,,,0.0,,,,0.0,,,,,,,,,13.1,,,,,,,,,Electrics,B
,,,,0.0,,,,0.0,,,,,,,,,,,,,,,,,,Electrics,B
,,,,0.0,,,,0.0,,,,,,,,,,,,,,,,,,Electrics,B
,,,,0.0,,,,0.0,,,,,,,,,,,,,,,,,,Electrics,B
,,,,,,,,,,,,,,,,,,,,,,,,,,Electrics,B
13.,"Total Price: 
",,,,,,,0.0,,,,,,,,,13.,total price:,,,,,,,,Electrics,B
,,,,,,,,,,,,,,,,,,,,,,,,,,Electrics,B
14.,,,,,,,,,,,,,,,,,14.,,,,,,,,,Electrics,B
14.1,,,,0.0,,,,0.0,,,,,,,,,14.1,,,,,,,,,Electrics,B
14.2,,,,0.0,,,,0.0,,,,,,,,,14.2,,,,,,,,,Electrics,B
14.3,,,,0.0,,,,0.0,,,,,,,,,14.3,,,,,,,,,Electrics,B
14.4,,,,0.0,,,,0.0,,,,,,,,,14.4,,,,,,,,,Electrics,B
,,,,0.0,,,,0.0,,,,,,,,,,,,,,,,,,Electrics,B
,,,,0.0,,,,0.0,,,,,,,,,,,,,,,,,,Electrics,B
,,,,0.0,,,,0.0,,,,,,,,,,,,,,,,,,Electrics,B
,,,,,,,,,,,,,,,,,,,,,,,,,,Electrics,B
14.,"Total Price: 
",,,,,,,0.0,,,,,,,,,14.,total price:,,,,,,,,Electrics,B
,,,,,,,,,,,,,,,,,,,,,,,,,,Electrics,B
15.,,,,,,,,,,,,,,,,,15.,,,,,,,,,Electrics,B
15.1,,,,0.0,,,,0.0,,,,,,,,,15.1,,,,,,,,,Electrics,B
15.2,,,,0.0,,,,0.0,,,,,,,,,15.2,,,,,,,,,Electrics,B
15.3,,,,0.0,,,,0.0,,,,,,,,,15.3,,,,,,,,,Electrics,B
15.4,,,,0.0,,,,0.0,,,,,,,,,15.4,,,,,,,,,Electrics,B
15.5,,,,0.0,,,,0.0,,,,,,,,,15.5,,,,,,,,,Electrics,B
,,,,0.0,,,,0.0,,,,,,,,,,,,,,,,,,Electrics,B
,,,,0.0,,,,0.0,,,,,,,,,,,,,,,,,,Electrics,B
,,,,0.0,,,,0.0,,,,,,,,,,,,,,,,,,Electrics,B
,,,,,,,,,,,,,,,,,,,,,,,,,,Electrics,B
15.,"Total Price: 
",,,,,,,0.0,,,,,,,,,15.,total price:,,,,,,,,Electrics,B
,,,,,,,,,,,,,,,,,,,,,,,,,,Electrics,B
16.,,,,,,,,,,,,,,,,,16.,,,,,,,,,Electrics,B
16.1,,,,0.0,,,,0.0,,,,,,,,,16.1,,,,,,,,,Electrics,B
16.2,,,,0.0,,,,0.0,,,,,,,,,16.2,,,,,,,,,Electrics,B
16.3,,,,0.0,,,,0.0,,,,,,,,,16.3,,,,,,,,,Electrics,B
16.4,,,,0.0,,,,0.0,,,,,,,,,16.4,,,,,,,,,Electrics,B
16.5,,,,0.0,,,,0.0,,,,,,,,,16.5,,,,,,,,,Electrics,B
,,,,0.0,,,,0.0,,,,,,,,,,,,,,,,,,Electrics,B
,,,,0.0,,,,0.0,,,,,,,,,,,,,,,,,,Electrics,B
,,,,0.0,,,,0.0,,,,,,,,,,,,,,,,,,Electrics,B
,,,,,,,,,,,,,,,,,,,,,,,,,,Electrics,B
16.,"Total Price: 
",,,,,,,0.0,,,,,,,,,16.,total price:,,,,,,,,Electrics,B
,,,,,,,,,,,,,,,,,,,,,,,,,,Electrics,B
17.,,,,,,,,,,,,,,,,,17.,,,,,,,,,Electrics,B
17.1,,,,0.0,,,,0.0,,,,,,,,,17.1,,,,,,,,,Electrics,B
17.2,,,,0.0,,,,0.0,,,,,,,,,17.2,,,,,,,,,Electrics,B
17.3,,,,0.0,,,,0.0,,,,,,,,,17.3,,,,,,,,,Electrics,B
17.4,,,,0.0,,,,0.0,,,,,,,,,17.4,,,,,,,,,Electrics,B
17.5,,,,0.0,,,,0.0,,,,,,,,,17.5,,,,,,,,,Electrics,B
,,,,0.0,,,,0.0,,,,,,,,,,,,,,,,,,Electrics,B
,,,,0.0,,,,0.0,,,,,,,,,,,,,,,,,,Electrics,B
,,,,0.0,,,,0.0,,,,,,,,,,,,,,,,,,Electrics,B
,,,,,,,,,,,,,,,,,,,,,,,,,,Electrics,B
17.,"Total Price: 
",,,,,,,0.0,,,,,,,,,17.,total price:,,,,,,,,Electrics,B
,,,,,,,,,,,,,,,,,,,,,,,,,,Electrics,B
1.,0,,,,,,,0.0,,,,,,,,,1.,0,,,,,,,,Electrics,B
2.,0,,,,,,,0.0,,,,,,,,,2.,0,,,,,,,,Electrics,B
3.,0,,,,,,,0.0,,,,,,,,,3.,0,,,,,,,,Electrics,B
4.,0,,,,,,,0.0,,,,,,,,,4.,0,,,,,,,,Electrics,B
5.,0,,,,,,,0.0,,,,,,,,,5.,0,,,,,,,,Electrics,B
6.,0,,,,,,,0.0,,,,,,,,,6.,0,,,,,,,,Electrics,B
7.,0,,,,,,,0.0,,,,,,,,,7.,0,,,,,,,,Electrics,B
8.,0,,,,,,,0.0,,,,,,,,,8.,0,,,,,,,,Electrics,B
9.,0,,,,,,,0.0,,,,,,,,,9.,0,,,,,,,,Electrics,B
10.,0,,,,,,,0.0,,,,,,,,,10.,0,,,,,,,,Electrics,B
11.,0,,,,,,,0.0,,,,,,,,,11.,0,,,,,,,,Electrics,B
12.,0,,,,,,,0.0,,,,,,,,,12.,0,,,,,,,,Electrics,B
13.,0,,,,,,,0.0,,,,,,,,,13.,0,,,,,,,,Electrics,B
14.,0,,,,,,,0.0,,,,,,,,,14.,0,,,,,,,,Electrics,B
15.,0,,,,,,,0.0,,,,,,,,,15.,0,,,,,,,,Electrics,B
16.,0,,,,,,,0.0,,,,,,,,,16.,0,,,,,,,,Electrics,B
17.,0,,,,,,,0.0,,,,,,,,,17.,0,,,,,,,,Electrics,B
,,,,,,,,,,,,,,,,,,,,,,,,,,Electrics,B
,Final Price:,,,,,,,0.0,,,,,,,,,,final price:,,,,,,,,Electrics,B
,,,,,,,,,,,,,,,,,,,,,,,,,,Electrics,B
,,,,,,,,,,,,,,,,,,,,,,,,,,Electrics,B
,,,,,,,,,,,,,,,,,,,,,,,,,,Electrics,B
,,,,,,,,,,,,,,,,,,,,,,,,,,Electrics,B
,,,,,,,,,,,,,,,,,,,,,,,,,,Electrics,B
,,,,,,,,,,,,,,,,,,,,,,,,,,Electrics,B
,,,,,,,,,,,,,,,,,,,,,,,,,,Electrics,B
,,,,,,,,,,,,,,,,,,,,,,,,,,Electrics,B
,,,,,,,,,,,,,,,,,,,,,,,,,,Electrics,B
,,,,,,,,,,,,,,,,,,,,,,,,,,Electrics,B
,,,,,,,,,,,,,,,,,,,,,,,,,,Electrics,B
,,,,,,,,,,,,,,,,,,,,,,,,,,Electrics,B
,,,,,,,,,,,,,,,,,,,,,,,,,,Electrics,B
,,,,,,,,,,,,,,,,,,,,,,,,,,Electrics,B
,,,,,,,,,,,,,,,,,,,,,,,,,,Electrics,B
,,,,,,,,,,,,,,,,,,,,,,,,,,Electrics,B
,,,,,,,,,,,,,,,,,,,,,,,,,,Electrics,B
,,,,,,,,,,,,,,,,,,,,,,,,,,Electrics,B
,,,,,,,,,,,,,,,,,,,,,,,,,,Electrics,B
,,,,,,,,,,,,,,,,,,,,,,,,,,Electrics,B
,,,,,,,,,,,,,,,,,,,,,,,,,,Electrics,B
,,,,,,,,,,,,,,,,,,,,,,,,,,Electrics,B
,,,,,,,,,,,,,,,,,,,,,,,,,,Electrics,B
,,,,,,,,,,,,,,,,,,,,,,,,,,Electrics,B
,,,,,,,,,,,,,,,,,,,,,,,,,,Electrics,B
,,,,,,,,,,,,,,,,,,,,,,,,,,Electrics,B
,,,,,,,,,,,,,,,,,,,,,,,,,,Electrics,B
,,,,,,,,,,,,,,,,,,,,,,,,,,Electrics,B
,,,,,,,,,,,,,,,,,,,,,,,,,,Electrics,B
,,,,,,,,,,,,,,,,,,,,,,,,,,Electrics,B
,,,,,,,,,,,,,,,,,,,,,,,,,,Electrics,B
,,,,,,,,,,,,,,,,,,,,,,,,,,Electrics,B
,,,,,,,,,,,,,,,,,,,,,,,,,,Electrics,B
,,,,,,,,,,,,,,,,,,,,,,,,,,Electrics,B
,,,,,,,,,,,,,,,,,,,,,,,,,,Electrics,B
,,,,,,,,,,,,,,,,,,,,,,,,,,Electrics,B
,,,,,,,,,,,,,,,,,,,,,,,,,,Electrics,B
,,,,,,,,,,,,,,,,,,,,,,,,,,Electrics,B
,,,,,,,,,,,,,,,,,,,,,,,,,,Electrics,B
,,,,,,,,,,,,,,,,,,,,,,,,,,Electrics,B
,,,,,,,,,,,,,,,,,,,,,,,,,,Electrics,B
,,,,,,,,,,,,,,,,,,,,,,,,,,Electrics,B
,,,,,,,,,,,,,,,,,,,,,,,,,,Electrics,B
,,,,,,,,,,,,,,,,,,,,,,,,,,Electrics,B
,,,,,,,,,,,,,,,,,,,,,,,,,,Electrics,B
,,,,,,,,,,,,,,,,,,,,,,,,,,Electrics,B
,,,,,,,,,,,,,,,,,,,,,,,,,,Electrics,B
,,,,,,,,,,,,,,,,,,,,,,,,,,Electrics,B
,,,,,,,,,,,,,,,,,,,,,,,,,,Electrics,B
,,,,,,,,,,,,,,,,,,,,,,,,,,Electrics,B
,,,,,,,,,,,,,,,,,,,,,,,,,,Electrics,B
,,,,,,,,,,,,,,,,,,,,,,,,,,Electrics,B
,,,,,,,,,,,,,,,,,,,,,,,,,,Electrics,B
,,,,,,,,,,,,,,,,,,,,,,,,,,Electrics,B
,,,,,,,,,,,,,,,,,,,,,,,,,,Electrics,B
,,,,,,,,,,,,,,,,,,,,,,,,,,Electrics,B
,,,,,,,,,,,,,,,,,,,,,,,,,,Electrics,B
,,,,,,,,,,,,,,,,,,,,,,,,,,Electrics,B
,,,,,,,,,,,,,,,,,,,,,,,,,,Electrics,B
,,,,,,,,,,,,,,,,,,,,,,,,,,Electrics,B
,,,,,,,,,,,,,,,,,,,,,,,,,,Electrics,B
,,,,,,,,,,,,,,,,,,,,,,,,,,Electrics,B
,,,,,,,,,,,,,,,,,,,,,,,,,,Electrics,B
,,,,,,,,,,,,,,,,,,,,,,,,,,Electrics,B
,,,,,,,,,,,,,,,,,,,,,,,,,,Electrics,B
,,,,,,,,,,,,,,,,,,,,,,,,,,Electrics,B
,,,,,,,,,,,,,,,,,,,,,,,,,,Electrics,B
,,,,,,,,,,,,,,,,,,,,,,,,,,Electrics,B
,,,,,,,,,,,,,,,,,,,,,,,,,,Electrics,B
,,,,,,,,,,,,,,,,,,,,,,,,,,Electrics,B
,,,,,,,,,,,,,,,,,,,,,,,,,,Electrics,B
,,,,,,,,,,,,,,,,,,,,,,,,,,Electrics,B
,,,,,,,,,,,,,,,,,,,,,,,,,,Electrics,B
,,,,,,,,,,,,,,,,,,,,,,,,,,Electrics,B
,,,,,,,,,,,,,,,,,,,,,,,,,,Electrics,B
,,,,,,,,,,,,,,,,,,,,,,,,,,Electrics,B
,,,,,,,,,,,,,,,,,,,,,,,,,,Electrics,B
,,,,,,,,,,,,,,,,,,,,,,,,,,Electrics,B
,,,,,,,,,,,,,,,,,,,,,,,,,,Electrics,B
,,,,,,,,,,,,,,,,,,,,,,,,,,Electrics,B
,,,,,,,,,,,,,,,,,,,,,,,,,,Electrics,B
,,,,,,,,,,,,,,,,,,,,,,,,,,Electrics,B
,,,,,,,,,,,,,,,,,,,,,,,,,,Electrics,B
,,,,,,,,,,,,,,,,,,,,,,,,,,Electrics,B
,,,,,,,,,,,,,,,,,,,,,,,,,,Electrics,B
,,,,,,,,,,,,,,,,,,,,,,,,,,Electrics,B
,,,,,,,,,,,,,,,,,,,,,,,,,,Electrics,B
,,,,,,,,,,,,,,,,,,,,,,,,,,Electrics,B
,,,,,,,,,,,,,,,,,,,,,,,,,,Electrics,B
,,,,,,,,,,,,,,,,,,,,,,,,,,Electrics,B
,,,,,,,,,,,,,,,,,,,,,,,,,,Electrics,B
,,,,,,,,,,,,,,,,,,,,,,,,,,Electrics,B
,,,,,,,,,,,,,,,,,,,,,,,,,,Electrics,B
,,,,,,,,,,,,,,,,,,,,,,,,,,Electrics,B
,,,,,,,,,,,,,,,,,,,,,,,,,,Electrics,B
,,,,,,,,,,,,,,,,,,,,,,,,,,Electrics,B
,,,,,,,,,,,,,,,,,,,,,,,,,,Electrics,B
,,,,,,,,,,,,,,,,,,,,,,,,,,Electrics,B
,,,,,,,,,,,,,,,,,,,,,,,,,,Electrics,B
,,,,,,,,,,,,,,,,,,,,,,,,,,Electrics,B
,,,,,,,,,,,,,,,,,,,,,,,,,,Electrics,B
,,,,,,,,,,,,,,,,,,,,,,,,,,Electrics,B
,,,,,,,,,,,,,,,,,,,,,,,,,,Electrics,B
,,,,,,,,,,,,,,,,,,,,,,,,,,Electrics,B
