scope_category,vendor_a_sheet,vendor_b_sheet,vendor_a_idx,vendor_b_idx,method,confidence,score
Steelwork,Steelwork,Steelwork,1.0,1.0,ITEM_ID_EXACT,AUTO,100.0
Steelwork,Steelwork,Steelwork,2.0,2.0,ITEM_ID_EXACT,AUTO,100.0
Steelwork,Steelwork,Steelwork,3.0,3.0,ITEM_ID_EXACT,AUTO,100.0
Steelwork,Steelwork,Steelwork,4.0,4.0,ITEM_ID_EXACT,AUTO,100.0
Steelwork,Steelwork,Steelwork,5.0,5.0,ITEM_ID_EXACT,AUTO,100.0
Steelwork,Steelwork,Steelwork,6.0,6.0,ITEM_ID_EXACT,AUTO,100.0
Steelwork,Steelwork,Steelwork,7.0,7.0,ITEM_ID_EXACT,AUTO,100.0
Steelwork,Steelwork,Steelwork,8.0,8.0,ITEM_ID_EXACT,AUTO,100.0
Steelwork,Steelwork,Steelwork,9.0,9.0,ITEM_ID_EXACT,AUTO,100.0
Steelwork,Steelwork,Steelwork,10.0,10.0,ITEM_ID_EXACT,AUTO,100.0
Steelwork,Steelwork,Steelwork,11.0,11.0,ITEM_ID_EXACT,AUTO,100.0
Steelwork,Steelwork,Steelwork,12.0,12.0,ITEM_ID_EXACT,AUTO,100.0
Steelwork,Steelwork,Steelwork,13.0,13.0,ITEM_ID_EXACT,AUTO,100.0
Steelwork,Steelwork,Steelwork,14.0,14.0,ITEM_ID_EXACT,AUTO,100.0
Steelwork,Steelwork,Steelwork,16.0,16.0,ITEM_ID_EXACT,AUTO,100.0
Steelwork,Steelwork,Steelwork,21.0,21.0,ITEM_ID_EXACT,AUTO,100.0
Steelwork,Steelwork,Steelwork,23.0,23.0,ITEM_ID_EXACT,AUTO,100.0
Steelwork,Steelwork,Steelwork,28.0,28.0,ITEM_ID_EXACT,AUTO,100.0
Steelwork,Steelwork,Steelwork,30.0,30.0,ITEM_ID_EXACT,AUTO,100.0
Steelwork,Steelwork,Steelwork,35.0,35.0,ITEM_ID_EXACT,AUTO,100.0
Steelwork,Steelwork,Steelwork,37.0,37.0,ITEM_ID_EXACT,AUTO,100.0
Steelwork,Steelwork,Steelwork,42.0,42.0,ITEM_ID_EXACT,AUTO,100.0
Steelwork,Steelwork,Steelwork,45.0,45.0,ITEM_ID_EXACT,AUTO,100.0
Steelwork,Steelwork,Steelwork,46.0,46.0,ITEM_ID_EXACT,AUTO,100.0
Steelwork,Steelwork,Steelwork,47.0,47.0,ITEM_ID_EXACT,AUTO,100.0
Steelwork,Steelwork,Steelwork,48.0,48.0,ITEM_ID_EXACT,AUTO,100.0
Steelwork,Steelwork,Steelwork,49.0,49.0,ITEM_ID_EXACT,AUTO,100.0
Steelwork,Steelwork,Steelwork,0.0,,UNMATCHED,UNMATCHED,0.0
Steelwork,Steelwork,Steelwork,15.0,,UNMATCHED,UNMATCHED,0.0
Steelwork,Steelwork,Steelwork,17.0,,UNMATCHED,UNMATCHED,0.0
Steelwork,Steelwork,Steelwork,18.0,,UNMATCHED,UNMATCHED,0.0
Steelwork,Steelwork,Steelwork,19.0,,UNMATCHED,UNMATCHED,0.0
Steelwork,Steelwork,Steelwork,20.0,,UNMATCHED,UNMATCHED,0.0
Steelwork,Steelwork,Steelwork,22.0,,UNMATCHED,UNMATCHED,0.0
Steelwork,Steelwork,Steelwork,24.0,,UNMATCHED,UNMATCHED,0.0
Steelwork,Steelwork,Steelwork,25.0,,UNMATCHED,UNMATCHED,0.0
Steelwork,Steelwork,Steelwork,26.0,,UNMATCHED,UNMATCHED,0.0
Steelwork,Steelwork,Steelwork,27.0,,UNMATCHED,UNMATCHED,0.0
Steelwork,Steelwork,Steelwork,29.0,,UNMATCHED,UNMATCHED,0.0
Steelwork,Steelwork,Steelwork,31.0,,UNMATCHED,UNMATCHED,0.0
Steelwork,Steelwork,Steelwork,32.0,,UNMATCHED,UNMATCHED,0.0
Steelwork,Steelwork,Steelwork,33.0,,UNMATCHED,UNMATCHED,0.0
Steelwork,Steelwork,Steelwork,34.0,,UNMATCHED,UNMATCHED,0.0
Steelwork,Steelwork,Steelwork,36.0,,UNMATCHED,UNMATCHED,0.0
Steelwork,Steelwork,Steelwork,38.0,,UNMATCHED,UNMATCHED,0.0
Steelwork,Steelwork,Steelwork,39.0,,UNMATCHED,UNMATCHED,0.0
Steelwork,Steelwork,Steelwork,40.0,,UNMATCHED,UNMATCHED,0.0
Steelwork,Steelwork,Steelwork,41.0,,UNMATCHED,UNMATCHED,0.0
Steelwork,Steelwork,Steelwork,43.0,,UNMATCHED,UNMATCHED,0.0
Steelwork,Steelwork,Steelwork,44.0,,UNMATCHED,UNMATCHED,0.0
Steelwork,Steelwork,Steelwork,50.0,,UNMATCHED,UNMATCHED,0.0
Steelwork,Steelwork,Steelwork,51.0,,UNMATCHED,UNMATCHED,0.0
Steelwork,Steelwork,Steelwork,52.0,,UNMATCHED,UNMATCHED,0.0
Steelwork,Steelwork,Steelwork,53.0,,UNMATCHED,UNMATCHED,0.0
Steelwork,Steelwork,Steelwork,54.0,,UNMATCHED,UNMATCHED,0.0
Steelwork,Steelwork,Steelwork,55.0,,UNMATCHED,UNMATCHED,0.0
Steelwork,Steelwork,Steelwork,56.0,,UNMATCHED,UNMATCHED,0.0
Steelwork,Steelwork,Steelwork,57.0,,UNMATCHED,UNMATCHED,0.0
Steelwork,Steelwork,Steelwork,58.0,,UNMATCHED,UNMATCHED,0.0
Steelwork,Steelwork,Steelwork,59.0,,UNMATCHED,UNMATCHED,0.0
Steelwork,Steelwork,Steelwork,60.0,,UNMATCHED,UNMATCHED,0.0
Steelwork,Steelwork,Steelwork,61.0,,UNMATCHED,UNMATCHED,0.0
Steelwork,Steelwork,Steelwork,62.0,,UNMATCHED,UNMATCHED,0.0
Steelwork,Steelwork,Steelwork,63.0,,UNMATCHED,UNMATCHED,0.0
Steelwork,Steelwork,Steelwork,64.0,,UNMATCHED,UNMATCHED,0.0
Steelwork,Steelwork,Steelwork,65.0,,UNMATCHED,UNMATCHED,0.0
Steelwork,Steelwork,Steelwork,66.0,,UNMATCHED,UNMATCHED,0.0
Steelwork,Steelwork,Steelwork,67.0,,UNMATCHED,UNMATCHED,0.0
Steelwork,Steelwork,Steelwork,68.0,,UNMATCHED,UNMATCHED,0.0
Steelwork,Steelwork,Steelwork,69.0,,UNMATCHED,UNMATCHED,0.0
Steelwork,Steelwork,Steelwork,70.0,,UNMATCHED,UNMATCHED,0.0
Steelwork,Steelwork,Steelwork,71.0,,UNMATCHED,UNMATCHED,0.0
Steelwork,Steelwork,Steelwork,72.0,,UNMATCHED,UNMATCHED,0.0
Steelwork,Steelwork,Steelwork,73.0,,UNMATCHED,UNMATCHED,0.0
Steelwork,Steelwork,Steelwork,74.0,,UNMATCHED,UNMATCHED,0.0
Steelwork,Steelwork,Steelwork,75.0,,UNMATCHED,UNMATCHED,0.0
Steelwork,Steelwork,Steelwork,76.0,,UNMATCHED,UNMATCHED,0.0
Steelwork,Steelwork,Steelwork,77.0,,UNMATCHED,UNMATCHED,0.0
Steelwork,Steelwork,Steelwork,78.0,,UNMATCHED,UNMATCHED,0.0
Steelwork,Steelwork,Steelwork,79.0,,UNMATCHED,UNMATCHED,0.0
Steelwork,Steelwork,Steelwork,80.0,,UNMATCHED,UNMATCHED,0.0
Steelwork,Steelwork,Steelwork,81.0,,UNMATCHED,UNMATCHED,0.0
Steelwork,Steelwork,Steelwork,82.0,,UNMATCHED,UNMATCHED,0.0
Steelwork,Steelwork,Steelwork,83.0,,UNMATCHED,UNMATCHED,0.0
Steelwork,Steelwork,Steelwork,84.0,,UNMATCHED,UNMATCHED,0.0
Steelwork,Steelwork,Steelwork,85.0,,UNMATCHED,UNMATCHED,0.0
Steelwork,Steelwork,Steelwork,86.0,,UNMATCHED,UNMATCHED,0.0
Steelwork,Steelwork,Steelwork,87.0,,UNMATCHED,UNMATCHED,0.0
Steelwork,Steelwork,Steelwork,88.0,,UNMATCHED,UNMATCHED,0.0
Steelwork,Steelwork,Steelwork,89.0,,UNMATCHED,UNMATCHED,0.0
Steelwork,Steelwork,Steelwork,90.0,,UNMATCHED,UNMATCHED,0.0
Steelwork,Steelwork,Steelwork,91.0,,UNMATCHED,UNMATCHED,0.0
Steelwork,Steelwork,Steelwork,92.0,,UNMATCHED,UNMATCHED,0.0
Steelwork,Steelwork,Steelwork,93.0,,UNMATCHED,UNMATCHED,0.0
Steelwork,Steelwork,Steelwork,94.0,,UNMATCHED,UNMATCHED,0.0
Steelwork,Steelwork,Steelwork,95.0,,UNMATCHED,UNMATCHED,0.0
Steelwork,Steelwork,Steelwork,96.0,,UNMATCHED,UNMATCHED,0.0
Steelwork,Steelwork,Steelwork,97.0,,UNMATCHED,UNMATCHED,0.0
Steelwork,Steelwork,Steelwork,98.0,,UNMATCHED,UNMATCHED,0.0
Steelwork,Steelwork,Steelwork,99.0,,UNMATCHED,UNMATCHED,0.0
Steelwork,Steelwork,Steelwork,100.0,,UNMATCHED,UNMATCHED,0.0
Steelwork,Steelwork,Steelwork,101.0,,UNMATCHED,UNMATCHED,0.0
Steelwork,Steelwork,Steelwork,102.0,,UNMATCHED,UNMATCHED,0.0
Steelwork,Steelwork,Steelwork,103.0,,UNMATCHED,UNMATCHED,0.0
Steelwork,Steelwork,Steelwork,104.0,,UNMATCHED,UNMATCHED,0.0
Steelwork,Steelwork,Steelwork,105.0,,UNMATCHED,UNMATCHED,0.0
Steelwork,Steelwork,Steelwork,106.0,,UNMATCHED,UNMATCHED,0.0
Steelwork,Steelwork,Steelwork,107.0,,UNMATCHED,UNMATCHED,0.0
Steelwork,Steelwork,Steelwork,108.0,,UNMATCHED,UNMATCHED,0.0
Steelwork,Steelwork,Steelwork,109.0,,UNMATCHED,UNMATCHED,0.0
Steelwork,Steelwork,Steelwork,110.0,,UNMATCHED,UNMATCHED,0.0
Steelwork,Steelwork,Steelwork,111.0,,UNMATCHED,UNMATCHED,0.0
Steelwork,Steelwork,Steelwork,112.0,,UNMATCHED,UNMATCHED,0.0
Steelwork,Steelwork,Steelwork,113.0,,UNMATCHED,UNMATCHED,0.0
Steelwork,Steelwork,Steelwork,114.0,,UNMATCHED,UNMATCHED,0.0
Steelwork,Steelwork,Steelwork,115.0,,UNMATCHED,UNMATCHED,0.0
Steelwork,Steelwork,Steelwork,116.0,,UNMATCHED,UNMATCHED,0.0
Steelwork,Steelwork,Steelwork,117.0,,UNMATCHED,UNMATCHED,0.0
Steelwork,Steelwork,Steelwork,118.0,,UNMATCHED,UNMATCHED,0.0
Steelwork,Steelwork,Steelwork,119.0,,UNMATCHED,UNMATCHED,0.0
Steelwork,Steelwork,Steelwork,120.0,,UNMATCHED,UNMATCHED,0.0
Steelwork,Steelwork,Steelwork,121.0,,UNMATCHED,UNMATCHED,0.0
Steelwork,Steelwork,Steelwork,122.0,,UNMATCHED,UNMATCHED,0.0
Steelwork,Steelwork,Steelwork,123.0,,UNMATCHED,UNMATCHED,0.0
Steelwork,Steelwork,Steelwork,124.0,,UNMATCHED,UNMATCHED,0.0
Steelwork,Steelwork,Steelwork,125.0,,UNMATCHED,UNMATCHED,0.0
Steelwork,Steelwork,Steelwork,126.0,,UNMATCHED,UNMATCHED,0.0
Steelwork,Steelwork,Steelwork,127.0,,UNMATCHED,UNMATCHED,0.0
Steelwork,Steelwork,Steelwork,128.0,,UNMATCHED,UNMATCHED,0.0
Steelwork,Steelwork,Steelwork,129.0,,UNMATCHED,UNMATCHED,0.0
Steelwork,Steelwork,Steelwork,130.0,,UNMATCHED,UNMATCHED,0.0
Steelwork,Steelwork,Steelwork,131.0,,UNMATCHED,UNMATCHED,0.0
Steelwork,Steelwork,Steelwork,132.0,,UNMATCHED,UNMATCHED,0.0
Steelwork,Steelwork,Steelwork,133.0,,UNMATCHED,UNMATCHED,0.0
Steelwork,Steelwork,Steelwork,134.0,,UNMATCHED,UNMATCHED,0.0
Steelwork,Steelwork,Steelwork,135.0,,UNMATCHED,UNMATCHED,0.0
Steelwork,Steelwork,Steelwork,136.0,,UNMATCHED,UNMATCHED,0.0
Steelwork,Steelwork,Steelwork,137.0,,UNMATCHED,UNMATCHED,0.0
Steelwork,Steelwork,Steelwork,138.0,,UNMATCHED,UNMATCHED,0.0
Steelwork,Steelwork,Steelwork,139.0,,UNMATCHED,UNMATCHED,0.0
Steelwork,Steelwork,Steelwork,140.0,,UNMATCHED,UNMATCHED,0.0
Steelwork,Steelwork,Steelwork,141.0,,UNMATCHED,UNMATCHED,0.0
Steelwork,Steelwork,Steelwork,142.0,,UNMATCHED,UNMATCHED,0.0
Steelwork,Steelwork,Steelwork,143.0,,UNMATCHED,UNMATCHED,0.0
Steelwork,Steelwork,Steelwork,144.0,,UNMATCHED,UNMATCHED,0.0
Steelwork,Steelwork,Steelwork,145.0,,UNMATCHED,UNMATCHED,0.0
Steelwork,Steelwork,Steelwork,146.0,,UNMATCHED,UNMATCHED,0.0
Steelwork,Steelwork,Steelwork,147.0,,UNMATCHED,UNMATCHED,0.0
Steelwork,Steelwork,Steelwork,148.0,,UNMATCHED,UNMATCHED,0.0
Steelwork,Steelwork,Steelwork,149.0,,UNMATCHED,UNMATCHED,0.0
Steelwork,Steelwork,Steelwork,150.0,,UNMATCHED,UNMATCHED,0.0
Steelwork,Steelwork,Steelwork,151.0,,UNMATCHED,UNMATCHED,0.0
Steelwork,Steelwork,Steelwork,152.0,,UNMATCHED,UNMATCHED,0.0
Steelwork,Steelwork,Steelwork,153.0,,UNMATCHED,UNMATCHED,0.0
Steelwork,Steelwork,Steelwork,154.0,,UNMATCHED,UNMATCHED,0.0
Steelwork,Steelwork,Steelwork,155.0,,UNMATCHED,UNMATCHED,0.0
Steelwork,Steelwork,Steelwork,,0.0,UNMATCHED,UNMATCHED,0.0
Steelwork,Steelwork,Steelwork,,15.0,UNMATCHED,UNMATCHED,0.0
Steelwork,Steelwork,Steelwork,,17.0,UNMATCHED,UNMATCHED,0.0
Steelwork,Steelwork,Steelwork,,18.0,UNMATCHED,UNMATCHED,0.0
Steelwork,Steelwork,Steelwork,,19.0,UNMATCHED,UNMATCHED,0.0
Steelwork,Steelwork,Steelwork,,20.0,UNMATCHED,UNMATCHED,0.0
Steelwork,Steelwork,Steelwork,,22.0,UNMATCHED,UNMATCHED,0.0
Steelwork,Steelwork,Steelwork,,24.0,UNMATCHED,UNMATCHED,0.0
Steelwork,Steelwork,Steelwork,,25.0,UNMATCHED,UNMATCHED,0.0
Steelwork,Steelwork,Steelwork,,26.0,UNMATCHED,UNMATCHED,0.0
Steelwork,Steelwork,Steelwork,,27.0,UNMATCHED,UNMATCHED,0.0
Steelwork,Steelwork,Steelwork,,29.0,UNMATCHED,UNMATCHED,0.0
Steelwork,Steelwork,Steelwork,,31.0,UNMATCHED,UNMATCHED,0.0
Steelwork,Steelwork,Steelwork,,32.0,UNMATCHED,UNMATCHED,0.0
Steelwork,Steelwork,Steelwork,,33.0,UNMATCHED,UNMATCHED,0.0
Steelwork,Steelwork,Steelwork,,34.0,UNMATCHED,UNMATCHED,0.0
Steelwork,Steelwork,Steelwork,,36.0,UNMATCHED,UNMATCHED,0.0
Steelwork,Steelwork,Steelwork,,38.0,UNMATCHED,UNMATCHED,0.0
Steelwork,Steelwork,Steelwork,,39.0,UNMATCHED,UNMATCHED,0.0
Steelwork,Steelwork,Steelwork,,40.0,UNMATCHED,UNMATCHED,0.0
Steelwork,Steelwork,Steelwork,,41.0,UNMATCHED,UNMATCHED,0.0
Steelwork,Steelwork,Steelwork,,43.0,UNMATCHED,UNMATCHED,0.0
Steelwork,Steelwork,Steelwork,,44.0,UNMATCHED,UNMATCHED,0.0
Steelwork,Steelwork,Steelwork,,50.0,UNMATCHED,UNMATCHED,0.0
Steelwork,Steelwork,Steelwork,,51.0,UNMATCHED,UNMATCHED,0.0
Steelwork,Steelwork,Steelwork,,52.0,UNMATCHED,UNMATCHED,0.0
Steelwork,Steelwork,Steelwork,,53.0,UNMATCHED,UNMATCHED,0.0
Steelwork,Steelwork,Steelwork,,54.0,UNMATCHED,UNMATCHED,0.0
Steelwork,Steelwork,Steelwork,,55.0,UNMATCHED,UNMATCHED,0.0
Steelwork,Steelwork,Steelwork,,56.0,UNMATCHED,UNMATCHED,0.0
Steelwork,Steelwork,Steelwork,,57.0,UNMATCHED,UNMATCHED,0.0
Steelwork,Steelwork,Steelwork,,58.0,UNMATCHED,UNMATCHED,0.0
Steelwork,Steelwork,Steelwork,,59.0,UNMATCHED,UNMATCHED,0.0
Steelwork,Steelwork,Steelwork,,60.0,UNMATCHED,UNMATCHED,0.0
Steelwork,Steelwork,Steelwork,,61.0,UNMATCHED,UNMATCHED,0.0
Steelwork,Steelwork,Steelwork,,62.0,UNMATCHED,UNMATCHED,0.0
Steelwork,Steelwork,Steelwork,,63.0,UNMATCHED,UNMATCHED,0.0
Steelwork,Steelwork,Steelwork,,64.0,UNMATCHED,UNMATCHED,0.0
Steelwork,Steelwork,Steelwork,,65.0,UNMATCHED,UNMATCHED,0.0
Steelwork,Steelwork,Steelwork,,66.0,UNMATCHED,UNMATCHED,0.0
Steelwork,Steelwork,Steelwork,,67.0,UNMATCHED,UNMATCHED,0.0
Steelwork,Steelwork,Steelwork,,68.0,UNMATCHED,UNMATCHED,0.0
Steelwork,Steelwork,Steelwork,,69.0,UNMATCHED,UNMATCHED,0.0
Steelwork,Steelwork,Steelwork,,70.0,UNMATCHED,UNMATCHED,0.0
Steelwork,Steelwork,Steelwork,,71.0,UNMATCHED,UNMATCHED,0.0
Steelwork,Steelwork,Steelwork,,72.0,UNMATCHED,UNMATCHED,0.0
Steelwork,Steelwork,Steelwork,,73.0,UNMATCHED,UNMATCHED,0.0
Steelwork,Steelwork,Steelwork,,74.0,UNMATCHED,UNMATCHED,0.0
Steelwork,Steelwork,Steelwork,,75.0,UNMATCHED,UNMATCHED,0.0
Steelwork,Steelwork,Steelwork,,76.0,UNMATCHED,UNMATCHED,0.0
Steelwork,Steelwork,Steelwork,,77.0,UNMATCHED,UNMATCHED,0.0
Steelwork,Steelwork,Steelwork,,78.0,UNMATCHED,UNMATCHED,0.0
Steelwork,Steelwork,Steelwork,,79.0,UNMATCHED,UNMATCHED,0.0
Steelwork,Steelwork,Steelwork,,80.0,UNMATCHED,UNMATCHED,0.0
Steelwork,Steelwork,Steelwork,,81.0,UNMATCHED,UNMATCHED,0.0
Steelwork,Steelwork,Steelwork,,82.0,UNMATCHED,UNMATCHED,0.0
Steelwork,Steelwork,Steelwork,,83.0,UNMATCHED,UNMATCHED,0.0
Steelwork,Steelwork,Steelwork,,84.0,UNMATCHED,UNMATCHED,0.0
Steelwork,Steelwork,Steelwork,,85.0,UNMATCHED,UNMATCHED,0.0
Steelwork,Steelwork,Steelwork,,86.0,UNMATCHED,UNMATCHED,0.0
Steelwork,Steelwork,Steelwork,,87.0,UNMATCHED,UNMATCHED,0.0
Steelwork,Steelwork,Steelwork,,88.0,UNMATCHED,UNMATCHED,0.0
Steelwork,Steelwork,Steelwork,,89.0,UNMATCHED,UNMATCHED,0.0
Steelwork,Steelwork,Steelwork,,90.0,UNMATCHED,UNMATCHED,0.0
Steelwork,Steelwork,Steelwork,,91.0,UNMATCHED,UNMATCHED,0.0
Steelwork,Steelwork,Steelwork,,92.0,UNMATCHED,UNMATCHED,0.0
Steelwork,Steelwork,Steelwork,,93.0,UNMATCHED,UNMATCHED,0.0
Steelwork,Steelwork,Steelwork,,94.0,UNMATCHED,UNMATCHED,0.0
Steelwork,Steelwork,Steelwork,,95.0,UNMATCHED,UNMATCHED,0.0
Steelwork,Steelwork,Steelwork,,96.0,UNMATCHED,UNMATCHED,0.0
Steelwork,Steelwork,Steelwork,,97.0,UNMATCHED,UNMATCHED,0.0
Steelwork,Steelwork,Steelwork,,98.0,UNMATCHED,UNMATCHED,0.0
Steelwork,Steelwork,Steelwork,,99.0,UNMATCHED,UNMATCHED,0.0
Steelwork,Steelwork,Steelwork,,100.0,UNMATCHED,UNMATCHED,0.0
Steelwork,Steelwork,Steelwork,,101.0,UNMATCHED,UNMATCHED,0.0
Steelwork,Steelwork,Steelwork,,102.0,UNMATCHED,UNMATCHED,0.0
Steelwork,Steelwork,Steelwork,,103.0,UNMATCHED,UNMATCHED,0.0
Steelwork,Steelwork,Steelwork,,104.0,UNMATCHED,UNMATCHED,0.0
Steelwork,Steelwork,Steelwork,,105.0,UNMATCHED,UNMATCHED,0.0
Steelwork,Steelwork,Steelwork,,106.0,UNMATCHED,UNMATCHED,0.0
Steelwork,Steelwork,Steelwork,,107.0,UNMATCHED,UNMATCHED,0.0
Steelwork,Steelwork,Steelwork,,108.0,UNMATCHED,UNMATCHED,0.0
Steelwork,Steelwork,Steelwork,,109.0,UNMATCHED,UNMATCHED,0.0
Steelwork,Steelwork,Steelwork,,110.0,UNMATCHED,UNMATCHED,0.0
Steelwork,Steelwork,Steelwork,,111.0,UNMATCHED,UNMATCHED,0.0
Steelwork,Steelwork,Steelwork,,112.0,UNMATCHED,UNMATCHED,0.0
Steelwork,Steelwork,Steelwork,,113.0,UNMATCHED,UNMATCHED,0.0
Steelwork,Steelwork,Steelwork,,114.0,UNMATCHED,UNMATCHED,0.0
Steelwork,Steelwork,Steelwork,,115.0,UNMATCHED,UNMATCHED,0.0
Steelwork,Steelwork,Steelwork,,116.0,UNMATCHED,UNMATCHED,0.0
Steelwork,Steelwork,Steelwork,,117.0,UNMATCHED,UNMATCHED,0.0
Steelwork,Steelwork,Steelwork,,118.0,UNMATCHED,UNMATCHED,0.0
Steelwork,Steelwork,Steelwork,,119.0,UNMATCHED,UNMATCHED,0.0
Steelwork,Steelwork,Steelwork,,120.0,UNMATCHED,UNMATCHED,0.0
Steelwork,Steelwork,Steelwork,,121.0,UNMATCHED,UNMATCHED,0.0
Steelwork,Steelwork,Steelwork,,122.0,UNMATCHED,UNMATCHED,0.0
Steelwork,Steelwork,Steelwork,,123.0,UNMATCHED,UNMATCHED,0.0
Steelwork,Steelwork,Steelwork,,124.0,UNMATCHED,UNMATCHED,0.0
Steelwork,Steelwork,Steelwork,,125.0,UNMATCHED,UNMATCHED,0.0
Steelwork,Steelwork,Steelwork,,126.0,UNMATCHED,UNMATCHED,0.0
Steelwork,Steelwork,Steelwork,,127.0,UNMATCHED,UNMATCHED,0.0
Steelwork,Steelwork,Steelwork,,128.0,UNMATCHED,UNMATCHED,0.0
Steelwork,Steelwork,Steelwork,,129.0,UNMATCHED,UNMATCHED,0.0
Steelwork,Steelwork,Steelwork,,130.0,UNMATCHED,UNMATCHED,0.0
Steelwork,Steelwork,Steelwork,,131.0,UNMATCHED,UNMATCHED,0.0
Steelwork,Steelwork,Steelwork,,132.0,UNMATCHED,UNMATCHED,0.0
Steelwork,Steelwork,Steelwork,,133.0,UNMATCHED,UNMATCHED,0.0
Steelwork,Steelwork,Steelwork,,134.0,UNMATCHED,UNMATCHED,0.0
Steelwork,Steelwork,Steelwork,,135.0,UNMATCHED,UNMATCHED,0.0
Steelwork,Steelwork,Steelwork,,136.0,UNMATCHED,UNMATCHED,0.0
Steelwork,Steelwork,Steelwork,,137.0,UNMATCHED,UNMATCHED,0.0
Steelwork,Steelwork,Steelwork,,138.0,UNMATCHED,UNMATCHED,0.0
Steelwork,Steelwork,Steelwork,,139.0,UNMATCHED,UNMATCHED,0.0
Steelwork,Steelwork,Steelwork,,140.0,UNMATCHED,UNMATCHED,0.0
Steelwork,Steelwork,Steelwork,,141.0,UNMATCHED,UNMATCHED,0.0
Steelwork,Steelwork,Steelwork,,142.0,UNMATCHED,UNMATCHED,0.0
Steelwork,Steelwork,Steelwork,,143.0,UNMATCHED,UNMATCHED,0.0
Steelwork,Steelwork,Steelwork,,144.0,UNMATCHED,UNMATCHED,0.0
Steelwork,Steelwork,Steelwork,,145.0,UNMATCHED,UNMATCHED,0.0
Steelwork,Steelwork,Steelwork,,146.0,UNMATCHED,UNMATCHED,0.0
Steelwork,Steelwork,Steelwork,,147.0,UNMATCHED,UNMATCHED,0.0
Steelwork,Steelwork,Steelwork,,148.0,UNMATCHED,UNMATCHED,0.0
Steelwork,Steelwork,Steelwork,,149.0,UNMATCHED,UNMATCHED,0.0
Steelwork,Steelwork,Steelwork,,150.0,UNMATCHED,UNMATCHED,0.0
Steelwork,Steelwork,Steelwork,,151.0,UNMATCHED,UNMATCHED,0.0
Steelwork,Steelwork,Steelwork,,152.0,UNMATCHED,UNMATCHED,0.0
Steelwork,Steelwork,Steelwork,,153.0,UNMATCHED,UNMATCHED,0.0
Steelwork,Steelwork,Steelwork,,154.0,UNMATCHED,UNMATCHED,0.0
Steelwork,Steelwork,Steelwork,,155.0,UNMATCHED,UNMATCHED,0.0
Electrics,Electrics,Electrics,1.0,1.0,ITEM_ID_EXACT,AUTO,100.0
Electrics,Electrics,Electrics,2.0,2.0,ITEM_ID_EXACT,AUTO,100.0
Electrics,Electrics,Electrics,3.0,3.0,ITEM_ID_EXACT,AUTO,100.0
Electrics,Electrics,Electrics,4.0,4.0,ITEM_ID_EXACT,AUTO,100.0
Electrics,Electrics,Electrics,5.0,5.0,ITEM_ID_EXACT,AUTO,100.0
Electrics,Electrics,Electrics,6.0,6.0,ITEM_ID_EXACT,AUTO,100.0
Electrics,Electrics,Electrics,7.0,7.0,ITEM_ID_EXACT,AUTO,100.0
Electrics,Electrics,Electrics,8.0,8.0,ITEM_ID_EXACT,AUTO,100.0
Electrics,Electrics,Electrics,9.0,9.0,ITEM_ID_EXACT,AUTO,100.0
Electrics,Electrics,Electrics,10.0,10.0,ITEM_ID_EXACT,AUTO,100.0
Electrics,Electrics,Electrics,11.0,11.0,ITEM_ID_EXACT,AUTO,100.0
Electrics,Electrics,Electrics,12.0,12.0,ITEM_ID_EXACT,AUTO,100.0
Electrics,Electrics,Electrics,13.0,13.0,ITEM_ID_EXACT,AUTO,100.0
Electrics,Electrics,Electrics,14.0,14.0,ITEM_ID_EXACT,AUTO,100.0
Electrics,Electrics,Electrics,15.0,15.0,ITEM_ID_EXACT,AUTO,100.0
Electrics,Electrics,Electrics,16.0,16.0,ITEM_ID_EXACT,AUTO,100.0
Electrics,Electrics,Electrics,17.0,17.0,ITEM_ID_EXACT,AUTO,100.0
Electrics,Electrics,Electrics,18.0,18.0,ITEM_ID_EXACT,AUTO,100.0
Electrics,Electrics,Electrics,19.0,19.0,ITEM_ID_EXACT,AUTO,100.0
Electrics,Electrics,Electrics,20.0,20.0,ITEM_ID_EXACT,AUTO,100.0
Electrics,Electrics,Electrics,21.0,21.0,ITEM_ID_EXACT,AUTO,100.0
Electrics,Electrics,Electrics,22.0,22.0,ITEM_ID_EXACT,AUTO,100.0
Electrics,Electrics,Electrics,23.0,23.0,ITEM_ID_EXACT,AUTO,100.0
Electrics,Electrics,Electrics,24.0,24.0,ITEM_ID_EXACT,AUTO,100.0
Electrics,Electrics,Electrics,25.0,25.0,ITEM_ID_EXACT,AUTO,100.0
Electrics,Electrics,Electrics,26.0,26.0,ITEM_ID_EXACT,AUTO,100.0
Electrics,Electrics,Electrics,27.0,27.0,ITEM_ID_EXACT,AUTO,100.0
Electrics,Electrics,Electrics,28.0,28.0,ITEM_ID_EXACT,AUTO,100.0
Electrics,Electrics,Electrics,29.0,29.0,ITEM_ID_EXACT,AUTO,100.0
Electrics,Electrics,Electrics,30.0,30.0,ITEM_ID_EXACT,AUTO,100.0
Electrics,Electrics,Electrics,31.0,31.0,ITEM_ID_EXACT,AUTO,100.0
Electrics,Electrics,Electrics,32.0,32.0,ITEM_ID_EXACT,AUTO,100.0
Electrics,Electrics,Electrics,33.0,33.0,ITEM_ID_EXACT,AUTO,100.0
Electrics,Electrics,Electrics,34.0,34.0,ITEM_ID_EXACT,AUTO,100.0
Electrics,Electrics,Electrics,35.0,35.0,ITEM_ID_EXACT,AUTO,100.0
Electrics,Electrics,Electrics,36.0,36.0,ITEM_ID_EXACT,AUTO,100.0
Electrics,Electrics,Electrics,37.0,37.0,ITEM_ID_EXACT,AUTO,100.0
Electrics,Electrics,Electrics,38.0,38.0,ITEM_ID_EXACT,AUTO,100.0
Electrics,Electrics,Electrics,39.0,39.0,ITEM_ID_EXACT,AUTO,100.0
Electrics,Electrics,Electrics,43.0,43.0,ITEM_ID_EXACT,AUTO,100.0
Electrics,Electrics,Electrics,45.0,45.0,ITEM_ID_EXACT,AUTO,100.0
Electrics,Electrics,Electrics,95.0,95.0,ITEM_ID_EXACT,AUTO,100.0
Electrics,Electrics,Electrics,97.0,97.0,ITEM_ID_EXACT,AUTO,100.0
Electrics,Electrics,Electrics,125.0,125.0,ITEM_ID_EXACT,AUTO,100.0
Electrics,Electrics,Electrics,127.0,127.0,ITEM_ID_EXACT,AUTO,100.0
Electrics,Electrics,Electrics,178.0,178.0,ITEM_ID_EXACT,AUTO,100.0
Electrics,Electrics,Electrics,180.0,180.0,ITEM_ID_EXACT,AUTO,100.0
Electrics,Electrics,Electrics,181.0,181.0,ITEM_ID_EXACT,AUTO,100.0
Electrics,Electrics,Electrics,182.0,182.0,ITEM_ID_EXACT,AUTO,100.0
Electrics,Electrics,Electrics,183.0,183.0,ITEM_ID_EXACT,AUTO,100.0
Electrics,Electrics,Electrics,184.0,184.0,ITEM_ID_EXACT,AUTO,100.0
Electrics,Electrics,Electrics,185.0,185.0,ITEM_ID_EXACT,AUTO,100.0
Electrics,Electrics,Electrics,186.0,186.0,ITEM_ID_EXACT,AUTO,100.0
Electrics,Electrics,Electrics,187.0,187.0,ITEM_ID_EXACT,AUTO,100.0
Electrics,Electrics,Electrics,188.0,188.0,ITEM_ID_EXACT,AUTO,100.0
Electrics,Electrics,Electrics,189.0,189.0,ITEM_ID_EXACT,AUTO,100.0
Electrics,Electrics,Electrics,190.0,190.0,ITEM_ID_EXACT,AUTO,100.0
Electrics,Electrics,Electrics,191.0,191.0,ITEM_ID_EXACT,AUTO,100.0
Electrics,Electrics,Electrics,192.0,192.0,ITEM_ID_EXACT,AUTO,100.0
Electrics,Electrics,Electrics,193.0,193.0,ITEM_ID_EXACT,AUTO,100.0
Electrics,Electrics,Electrics,194.0,194.0,ITEM_ID_EXACT,AUTO,100.0
Electrics,Electrics,Electrics,195.0,195.0,ITEM_ID_EXACT,AUTO,100.0
Electrics,Electrics,Electrics,196.0,196.0,ITEM_ID_EXACT,AUTO,100.0
Electrics,Electrics,Electrics,197.0,197.0,ITEM_ID_EXACT,AUTO,100.0
Electrics,Electrics,Electrics,198.0,198.0,ITEM_ID_EXACT,AUTO,100.0
Electrics,Electrics,Electrics,199.0,199.0,ITEM_ID_EXACT,AUTO,100.0
Electrics,Electrics,Electrics,200.0,200.0,ITEM_ID_EXACT,AUTO,100.0
Electrics,Electrics,Electrics,201.0,201.0,ITEM_ID_EXACT,AUTO,100.0
Electrics,Electrics,Electrics,202.0,202.0,ITEM_ID_EXACT,AUTO,100.0
Electrics,Electrics,Electrics,203.0,203.0,ITEM_ID_EXACT,AUTO,100.0
Electrics,Electrics,Electrics,208.0,208.0,ITEM_ID_EXACT,AUTO,100.0
Electrics,Electrics,Electrics,210.0,210.0,ITEM_ID_EXACT,AUTO,100.0
Electrics,Electrics,Electrics,211.0,211.0,ITEM_ID_EXACT,AUTO,100.0
Electrics,Electrics,Electrics,212.0,212.0,ITEM_ID_EXACT,AUTO,100.0
Electrics,Electrics,Electrics,213.0,213.0,ITEM_ID_EXACT,AUTO,100.0
Electrics,Electrics,Electrics,214.0,214.0,ITEM_ID_EXACT,AUTO,100.0
Electrics,Electrics,Electrics,215.0,215.0,ITEM_ID_EXACT,AUTO,100.0
Electrics,Electrics,Electrics,216.0,216.0,ITEM_ID_EXACT,AUTO,100.0
Electrics,Electrics,Electrics,217.0,217.0,ITEM_ID_EXACT,AUTO,100.0
Electrics,Electrics,Electrics,218.0,218.0,ITEM_ID_EXACT,AUTO,100.0
Electrics,Electrics,Electrics,219.0,219.0,ITEM_ID_EXACT,AUTO,100.0
Electrics,Electrics,Electrics,220.0,220.0,ITEM_ID_EXACT,AUTO,100.0
Electrics,Electrics,Electrics,221.0,221.0,ITEM_ID_EXACT,AUTO,100.0
Electrics,Electrics,Electrics,222.0,222.0,ITEM_ID_EXACT,AUTO,100.0
Electrics,Electrics,Electrics,223.0,223.0,ITEM_ID_EXACT,AUTO,100.0
Electrics,Electrics,Electrics,224.0,224.0,ITEM_ID_EXACT,AUTO,100.0
Electrics,Electrics,Electrics,225.0,225.0,ITEM_ID_EXACT,AUTO,100.0
Electrics,Electrics,Electrics,226.0,226.0,ITEM_ID_EXACT,AUTO,100.0
Electrics,Electrics,Electrics,227.0,227.0,ITEM_ID_EXACT,AUTO,100.0
Electrics,Electrics,Electrics,228.0,228.0,ITEM_ID_EXACT,AUTO,100.0
Electrics,Electrics,Electrics,229.0,229.0,ITEM_ID_EXACT,AUTO,100.0
Electrics,Electrics,Electrics,230.0,230.0,ITEM_ID_EXACT,AUTO,100.0
Electrics,Electrics,Electrics,231.0,231.0,ITEM_ID_EXACT,AUTO,100.0
Electrics,Electrics,Electrics,232.0,232.0,ITEM_ID_EXACT,AUTO,100.0
Electrics,Electrics,Electrics,233.0,233.0,ITEM_ID_EXACT,AUTO,100.0
Electrics,Electrics,Electrics,234.0,234.0,ITEM_ID_EXACT,AUTO,100.0
Electrics,Electrics,Electrics,235.0,235.0,ITEM_ID_EXACT,AUTO,100.0
Electrics,Electrics,Electrics,236.0,236.0,ITEM_ID_EXACT,AUTO,100.0
Electrics,Electrics,Electrics,241.0,241.0,ITEM_ID_EXACT,AUTO,100.0
Electrics,Electrics,Electrics,243.0,243.0,ITEM_ID_EXACT,AUTO,100.0
Electrics,Electrics,Electrics,244.0,244.0,ITEM_ID_EXACT,AUTO,100.0
Electrics,Electrics,Electrics,245.0,245.0,ITEM_ID_EXACT,AUTO,100.0
Electrics,Electrics,Electrics,246.0,246.0,ITEM_ID_EXACT,AUTO,100.0
Electrics,Electrics,Electrics,247.0,247.0,ITEM_ID_EXACT,AUTO,100.0
Electrics,Electrics,Electrics,248.0,248.0,ITEM_ID_EXACT,AUTO,100.0
Electrics,Electrics,Electrics,249.0,249.0,ITEM_ID_EXACT,AUTO,100.0
Electrics,Electrics,Electrics,250.0,250.0,ITEM_ID_EXACT,AUTO,100.0
Electrics,Electrics,Electrics,251.0,251.0,ITEM_ID_EXACT,AUTO,100.0
Electrics,Electrics,Electrics,252.0,252.0,ITEM_ID_EXACT,AUTO,100.0
Electrics,Electrics,Electrics,253.0,253.0,ITEM_ID_EXACT,AUTO,100.0
Electrics,Electrics,Electrics,254.0,254.0,ITEM_ID_EXACT,AUTO,100.0
Electrics,Electrics,Electrics,255.0,255.0,ITEM_ID_EXACT,AUTO,100.0
Electrics,Electrics,Electrics,256.0,256.0,ITEM_ID_EXACT,AUTO,100.0
Electrics,Electrics,Electrics,257.0,257.0,ITEM_ID_EXACT,AUTO,100.0
Electrics,Electrics,Electrics,258.0,258.0,ITEM_ID_EXACT,AUTO,100.0
Electrics,Electrics,Electrics,259.0,259.0,ITEM_ID_EXACT,AUTO,100.0
Electrics,Electrics,Electrics,260.0,260.0,ITEM_ID_EXACT,AUTO,100.0
Electrics,Electrics,Electrics,261.0,261.0,ITEM_ID_EXACT,AUTO,100.0
Electrics,Electrics,Electrics,262.0,262.0,ITEM_ID_EXACT,AUTO,100.0
Electrics,Electrics,Electrics,263.0,263.0,ITEM_ID_EXACT,AUTO,100.0
Electrics,Electrics,Electrics,264.0,264.0,ITEM_ID_EXACT,AUTO,100.0
Electrics,Electrics,Electrics,265.0,265.0,ITEM_ID_EXACT,AUTO,100.0
Electrics,Electrics,Electrics,270.0,270.0,ITEM_ID_EXACT,AUTO,100.0
Electrics,Electrics,Electrics,272.0,272.0,ITEM_ID_EXACT,AUTO,100.0
Electrics,Electrics,Electrics,273.0,273.0,ITEM_ID_EXACT,AUTO,100.0
Electrics,Electrics,Electrics,274.0,274.0,ITEM_ID_EXACT,AUTO,100.0
Electrics,Electrics,Electrics,275.0,275.0,ITEM_ID_EXACT,AUTO,100.0
Electrics,Electrics,Electrics,276.0,276.0,ITEM_ID_EXACT,AUTO,100.0
Electrics,Electrics,Electrics,277.0,277.0,ITEM_ID_EXACT,AUTO,100.0
Electrics,Electrics,Electrics,278.0,278.0,ITEM_ID_EXACT,AUTO,100.0
Electrics,Electrics,Electrics,279.0,279.0,ITEM_ID_EXACT,AUTO,100.0
Electrics,Electrics,Electrics,280.0,280.0,ITEM_ID_EXACT,AUTO,100.0
Electrics,Electrics,Electrics,281.0,281.0,ITEM_ID_EXACT,AUTO,100.0
Electrics,Electrics,Electrics,282.0,282.0,ITEM_ID_EXACT,AUTO,100.0
Electrics,Electrics,Electrics,283.0,283.0,ITEM_ID_EXACT,AUTO,100.0
Electrics,Electrics,Electrics,284.0,284.0,ITEM_ID_EXACT,AUTO,100.0
Electrics,Electrics,Electrics,285.0,285.0,ITEM_ID_EXACT,AUTO,100.0
Electrics,Electrics,Electrics,286.0,286.0,ITEM_ID_EXACT,AUTO,100.0
Electrics,Electrics,Electrics,287.0,287.0,ITEM_ID_EXACT,AUTO,100.0
Electrics,Electrics,Electrics,288.0,288.0,ITEM_ID_EXACT,AUTO,100.0
Electrics,Electrics,Electrics,289.0,289.0,ITEM_ID_EXACT,AUTO,100.0
Electrics,Electrics,Electrics,290.0,290.0,ITEM_ID_EXACT,AUTO,100.0
Electrics,Electrics,Electrics,291.0,291.0,ITEM_ID_EXACT,AUTO,100.0
Electrics,Electrics,Electrics,292.0,292.0,ITEM_ID_EXACT,AUTO,100.0
Electrics,Electrics,Electrics,293.0,293.0,ITEM_ID_EXACT,AUTO,100.0
Electrics,Electrics,Electrics,294.0,294.0,ITEM_ID_EXACT,AUTO,100.0
Electrics,Electrics,Electrics,295.0,295.0,ITEM_ID_EXACT,AUTO,100.0
Electrics,Electrics,Electrics,296.0,296.0,ITEM_ID_EXACT,AUTO,100.0
Electrics,Electrics,Electrics,301.0,301.0,ITEM_ID_EXACT,AUTO,100.0
Electrics,Electrics,Electrics,303.0,303.0,ITEM_ID_EXACT,AUTO,100.0
Electrics,Electrics,Electrics,304.0,304.0,ITEM_ID_EXACT,AUTO,100.0
Electrics,Electrics,Electrics,305.0,305.0,ITEM_ID_EXACT,AUTO,100.0
Electrics,Electrics,Electrics,306.0,306.0,ITEM_ID_EXACT,AUTO,100.0
Electrics,Electrics,Electrics,307.0,307.0,ITEM_ID_EXACT,AUTO,100.0
Electrics,Electrics,Electrics,308.0,308.0,ITEM_ID_EXACT,AUTO,100.0
Electrics,Electrics,Electrics,309.0,309.0,ITEM_ID_EXACT,AUTO,100.0
Electrics,Electrics,Electrics,310.0,310.0,ITEM_ID_EXACT,AUTO,100.0
Electrics,Electrics,Electrics,311.0,311.0,ITEM_ID_EXACT,AUTO,100.0
Electrics,Electrics,Electrics,312.0,312.0,ITEM_ID_EXACT,AUTO,100.0
Electrics,Electrics,Electrics,313.0,313.0,ITEM_ID_EXACT,AUTO,100.0
Electrics,Electrics,Electrics,314.0,314.0,ITEM_ID_EXACT,AUTO,100.0
Electrics,Electrics,Electrics,315.0,315.0,ITEM_ID_EXACT,AUTO,100.0
Electrics,Electrics,Electrics,316.0,316.0,ITEM_ID_EXACT,AUTO,100.0
Electrics,Electrics,Electrics,317.0,317.0,ITEM_ID_EXACT,AUTO,100.0
Electrics,Electrics,Electrics,318.0,318.0,ITEM_ID_EXACT,AUTO,100.0
Electrics,Electrics,Electrics,319.0,319.0,ITEM_ID_EXACT,AUTO,100.0
Electrics,Electrics,Electrics,320.0,320.0,ITEM_ID_EXACT,AUTO,100.0
Electrics,Electrics,Electrics,321.0,321.0,ITEM_ID_EXACT,AUTO,100.0
Electrics,Electrics,Electrics,322.0,322.0,ITEM_ID_EXACT,AUTO,100.0
Electrics,Electrics,Electrics,323.0,323.0,ITEM_ID_EXACT,AUTO,100.0
Electrics,Electrics,Electrics,324.0,324.0,ITEM_ID_EXACT,AUTO,100.0
Electrics,Electrics,Electrics,325.0,325.0,ITEM_ID_EXACT,AUTO,100.0
Electrics,Electrics,Electrics,326.0,326.0,ITEM_ID_EXACT,AUTO,100.0
Electrics,Electrics,Electrics,327.0,327.0,ITEM_ID_EXACT,AUTO,100.0
Electrics,Electrics,Electrics,328.0,328.0,ITEM_ID_EXACT,AUTO,100.0
Electrics,Electrics,Electrics,329.0,329.0,ITEM_ID_EXACT,AUTO,100.0
Electrics,Electrics,Electrics,334.0,334.0,ITEM_ID_EXACT,AUTO,100.0
Electrics,Electrics,Electrics,336.0,336.0,ITEM_ID_EXACT,AUTO,100.0
Electrics,Electrics,Electrics,337.0,337.0,ITEM_ID_EXACT,AUTO,100.0
Electrics,Electrics,Electrics,338.0,338.0,ITEM_ID_EXACT,AUTO,100.0
Electrics,Electrics,Electrics,339.0,339.0,ITEM_ID_EXACT,AUTO,100.0
Electrics,Electrics,Electrics,340.0,340.0,ITEM_ID_EXACT,AUTO,100.0
Electrics,Electrics,Electrics,341.0,341.0,ITEM_ID_EXACT,AUTO,100.0
Electrics,Electrics,Electrics,342.0,342.0,ITEM_ID_EXACT,AUTO,100.0
Electrics,Electrics,Electrics,343.0,343.0,ITEM_ID_EXACT,AUTO,100.0
Electrics,Electrics,Electrics,344.0,344.0,ITEM_ID_EXACT,AUTO,100.0
Electrics,Electrics,Electrics,345.0,345.0,ITEM_ID_EXACT,AUTO,100.0
Electrics,Electrics,Electrics,346.0,346.0,ITEM_ID_EXACT,AUTO,100.0
Electrics,Electrics,Electrics,347.0,347.0,ITEM_ID_EXACT,AUTO,100.0
Electrics,Electrics,Electrics,348.0,348.0,ITEM_ID_EXACT,AUTO,100.0
Electrics,Electrics,Electrics,349.0,349.0,ITEM_ID_EXACT,AUTO,100.0
Electrics,Electrics,Electrics,350.0,350.0,ITEM_ID_EXACT,AUTO,100.0
Electrics,Electrics,Electrics,351.0,351.0,ITEM_ID_EXACT,AUTO,100.0
Electrics,Electrics,Electrics,352.0,352.0,ITEM_ID_EXACT,AUTO,100.0
Electrics,Electrics,Electrics,353.0,353.0,ITEM_ID_EXACT,AUTO,100.0
Electrics,Electrics,Electrics,354.0,354.0,ITEM_ID_EXACT,AUTO,100.0
Electrics,Electrics,Electrics,355.0,355.0,ITEM_ID_EXACT,AUTO,100.0
Electrics,Electrics,Electrics,356.0,356.0,ITEM_ID_EXACT,AUTO,100.0
Electrics,Electrics,Electrics,357.0,357.0,ITEM_ID_EXACT,AUTO,100.0
Electrics,Electrics,Electrics,358.0,358.0,ITEM_ID_EXACT,AUTO,100.0
Electrics,Electrics,Electrics,359.0,359.0,ITEM_ID_EXACT,AUTO,100.0
Electrics,Electrics,Electrics,360.0,360.0,ITEM_ID_EXACT,AUTO,100.0
Electrics,Electrics,Electrics,365.0,365.0,ITEM_ID_EXACT,AUTO,100.0
Electrics,Electrics,Electrics,367.0,367.0,ITEM_ID_EXACT,AUTO,100.0
Electrics,Electrics,Electrics,368.0,368.0,ITEM_ID_EXACT,AUTO,100.0
Electrics,Electrics,Electrics,369.0,369.0,ITEM_ID_EXACT,AUTO,100.0
Electrics,Electrics,Electrics,370.0,370.0,ITEM_ID_EXACT,AUTO,100.0
Electrics,Electrics,Electrics,371.0,371.0,ITEM_ID_EXACT,AUTO,100.0
Electrics,Electrics,Electrics,372.0,372.0,ITEM_ID_EXACT,AUTO,100.0
Electrics,Electrics,Electrics,373.0,373.0,ITEM_ID_EXACT,AUTO,100.0
Electrics,Electrics,Electrics,374.0,374.0,ITEM_ID_EXACT,AUTO,100.0
Electrics,Electrics,Electrics,375.0,375.0,ITEM_ID_EXACT,AUTO,100.0
Electrics,Electrics,Electrics,376.0,376.0,ITEM_ID_EXACT,AUTO,100.0
Electrics,Electrics,Electrics,377.0,377.0,ITEM_ID_EXACT,AUTO,100.0
Electrics,Electrics,Electrics,378.0,378.0,ITEM_ID_EXACT,AUTO,100.0
Electrics,Electrics,Electrics,379.0,379.0,ITEM_ID_EXACT,AUTO,100.0
Electrics,Electrics,Electrics,380.0,380.0,ITEM_ID_EXACT,AUTO,100.0
Electrics,Electrics,Electrics,381.0,381.0,ITEM_ID_EXACT,AUTO,100.0
Electrics,Electrics,Electrics,382.0,382.0,ITEM_ID_EXACT,AUTO,100.0
Electrics,Electrics,Electrics,383.0,383.0,ITEM_ID_EXACT,AUTO,100.0
Electrics,Electrics,Electrics,384.0,384.0,ITEM_ID_EXACT,AUTO,100.0
Electrics,Electrics,Electrics,385.0,385.0,ITEM_ID_EXACT,AUTO,100.0
Electrics,Electrics,Electrics,386.0,386.0,ITEM_ID_EXACT,AUTO,100.0
Electrics,Electrics,Electrics,387.0,387.0,ITEM_ID_EXACT,AUTO,100.0
Electrics,Electrics,Electrics,388.0,388.0,ITEM_ID_EXACT,AUTO,100.0
Electrics,Electrics,Electrics,389.0,389.0,ITEM_ID_EXACT,AUTO,100.0
Electrics,Electrics,Electrics,390.0,390.0,ITEM_ID_EXACT,AUTO,100.0
Electrics,Electrics,Electrics,391.0,391.0,ITEM_ID_EXACT,AUTO,100.0
Electrics,Electrics,Electrics,392.0,392.0,ITEM_ID_EXACT,AUTO,100.0
Electrics,Electrics,Electrics,393.0,393.0,ITEM_ID_EXACT,AUTO,100.0
Electrics,Electrics,Electrics,394.0,394.0,ITEM_ID_EXACT,AUTO,100.0
Electrics,Electrics,Electrics,399.0,399.0,ITEM_ID_EXACT,AUTO,100.0
Electrics,Electrics,Electrics,401.0,401.0,ITEM_ID_EXACT,AUTO,100.0
Electrics,Electrics,Electrics,402.0,402.0,ITEM_ID_EXACT,AUTO,100.0
Electrics,Electrics,Electrics,403.0,403.0,ITEM_ID_EXACT,AUTO,100.0
Electrics,Electrics,Electrics,404.0,404.0,ITEM_ID_EXACT,AUTO,100.0
Electrics,Electrics,Electrics,405.0,405.0,ITEM_ID_EXACT,AUTO,100.0
Electrics,Electrics,Electrics,406.0,406.0,ITEM_ID_EXACT,AUTO,100.0
Electrics,Electrics,Electrics,407.0,407.0,ITEM_ID_EXACT,AUTO,100.0
Electrics,Electrics,Electrics,408.0,408.0,ITEM_ID_EXACT,AUTO,100.0
Electrics,Electrics,Electrics,409.0,409.0,ITEM_ID_EXACT,AUTO,100.0
Electrics,Electrics,Electrics,410.0,410.0,ITEM_ID_EXACT,AUTO,100.0
Electrics,Electrics,Electrics,411.0,411.0,ITEM_ID_EXACT,AUTO,100.0
Electrics,Electrics,Electrics,412.0,412.0,ITEM_ID_EXACT,AUTO,100.0
Electrics,Electrics,Electrics,413.0,413.0,ITEM_ID_EXACT,AUTO,100.0
Electrics,Electrics,Electrics,414.0,414.0,ITEM_ID_EXACT,AUTO,100.0
Electrics,Electrics,Electrics,415.0,415.0,ITEM_ID_EXACT,AUTO,100.0
Electrics,Electrics,Electrics,416.0,416.0,ITEM_ID_EXACT,AUTO,100.0
Electrics,Electrics,Electrics,417.0,417.0,ITEM_ID_EXACT,AUTO,100.0
Electrics,Electrics,Electrics,418.0,418.0,ITEM_ID_EXACT,AUTO,100.0
Electrics,Electrics,Electrics,419.0,419.0,ITEM_ID_EXACT,AUTO,100.0
Electrics,Electrics,Electrics,420.0,420.0,ITEM_ID_EXACT,AUTO,100.0
Electrics,Electrics,Electrics,421.0,421.0,ITEM_ID_EXACT,AUTO,100.0
Electrics,Electrics,Electrics,422.0,422.0,ITEM_ID_EXACT,AUTO,100.0
Electrics,Electrics,Electrics,423.0,423.0,ITEM_ID_EXACT,AUTO,100.0
Electrics,Electrics,Electrics,424.0,424.0,ITEM_ID_EXACT,AUTO,100.0
Electrics,Electrics,Electrics,425.0,425.0,ITEM_ID_EXACT,AUTO,100.0
Electrics,Electrics,Electrics,426.0,426.0,ITEM_ID_EXACT,AUTO,100.0
Electrics,Electrics,Electrics,427.0,427.0,ITEM_ID_EXACT,AUTO,100.0
Electrics,Electrics,Electrics,428.0,428.0,ITEM_ID_EXACT,AUTO,100.0
Electrics,Electrics,Electrics,429.0,429.0,ITEM_ID_EXACT,AUTO,100.0
Electrics,Electrics,Electrics,430.0,430.0,ITEM_ID_EXACT,AUTO,100.0
Electrics,Electrics,Electrics,431.0,431.0,ITEM_ID_EXACT,AUTO,100.0
Electrics,Electrics,Electrics,432.0,432.0,ITEM_ID_EXACT,AUTO,100.0
Electrics,Electrics,Electrics,433.0,433.0,ITEM_ID_EXACT,AUTO,100.0
Electrics,Electrics,Electrics,434.0,434.0,ITEM_ID_EXACT,AUTO,100.0
Electrics,Electrics,Electrics,435.0,435.0,ITEM_ID_EXACT,AUTO,100.0
Electrics,Electrics,Electrics,436.0,436.0,ITEM_ID_EXACT,AUTO,100.0
Electrics,Electrics,Electrics,437.0,437.0,ITEM_ID_EXACT,AUTO,100.0
Electrics,Electrics,Electrics,438.0,438.0,ITEM_ID_EXACT,AUTO,100.0
Electrics,Electrics,Electrics,439.0,439.0,ITEM_ID_EXACT,AUTO,100.0
Electrics,Electrics,Electrics,440.0,440.0,ITEM_ID_EXACT,AUTO,100.0
Electrics,Electrics,Electrics,441.0,441.0,ITEM_ID_EXACT,AUTO,100.0
Electrics,Electrics,Electrics,442.0,442.0,ITEM_ID_EXACT,AUTO,100.0
Electrics,Electrics,Electrics,447.0,447.0,ITEM_ID_EXACT,AUTO,100.0
Electrics,Electrics,Electrics,449.0,449.0,ITEM_ID_EXACT,AUTO,100.0
Electrics,Electrics,Electrics,450.0,450.0,ITEM_ID_EXACT,AUTO,100.0
Electrics,Electrics,Electrics,455.0,455.0,ITEM_ID_EXACT,AUTO,100.0
Electrics,Electrics,Electrics,457.0,457.0,ITEM_ID_EXACT,AUTO,100.0
Electrics,Electrics,Electrics,458.0,458.0,ITEM_ID_EXACT,AUTO,100.0
Electrics,Electrics,Electrics,459.0,459.0,ITEM_ID_EXACT,AUTO,100.0
Electrics,Electrics,Electrics,460.0,460.0,ITEM_ID_EXACT,AUTO,100.0
Electrics,Electrics,Electrics,461.0,461.0,ITEM_ID_EXACT,AUTO,100.0
Electrics,Electrics,Electrics,466.0,466.0,ITEM_ID_EXACT,AUTO,100.0
Electrics,Electrics,Electrics,468.0,468.0,ITEM_ID_EXACT,AUTO,100.0
Electrics,Electrics,Electrics,469.0,469.0,ITEM_ID_EXACT,AUTO,100.0
Electrics,Electrics,Electrics,470.0,470.0,ITEM_ID_EXACT,AUTO,100.0
Electrics,Electrics,Electrics,471.0,471.0,ITEM_ID_EXACT,AUTO,100.0
Electrics,Electrics,Electrics,472.0,472.0,ITEM_ID_EXACT,AUTO,100.0
Electrics,Electrics,Electrics,473.0,473.0,ITEM_ID_EXACT,AUTO,100.0
Electrics,Electrics,Electrics,478.0,478.0,ITEM_ID_EXACT,AUTO,100.0
Electrics,Electrics,Electrics,480.0,480.0,ITEM_ID_EXACT,AUTO,100.0
Electrics,Electrics,Electrics,481.0,481.0,ITEM_ID_EXACT,AUTO,100.0
Electrics,Electrics,Electrics,482.0,482.0,ITEM_ID_EXACT,AUTO,100.0
Electrics,Electrics,Electrics,483.0,483.0,ITEM_ID_EXACT,AUTO,100.0
Electrics,Electrics,Electrics,484.0,484.0,ITEM_ID_EXACT,AUTO,100.0
Electrics,Electrics,Electrics,485.0,485.0,ITEM_ID_EXACT,AUTO,100.0
Electrics,Electrics,Electrics,490.0,490.0,ITEM_ID_EXACT,AUTO,100.0
Electrics,Electrics,Electrics,492.0,492.0,ITEM_ID_EXACT,AUTO,100.0
Electrics,Electrics,Electrics,493.0,493.0,ITEM_ID_EXACT,AUTO,100.0
Electrics,Electrics,Electrics,494.0,494.0,ITEM_ID_EXACT,AUTO,100.0
Electrics,Electrics,Electrics,495.0,495.0,ITEM_ID_EXACT,AUTO,100.0
Electrics,Electrics,Electrics,496.0,496.0,ITEM_ID_EXACT,AUTO,100.0
Electrics,Electrics,Electrics,497.0,497.0,ITEM_ID_EXACT,AUTO,100.0
Electrics,Electrics,Electrics,502.0,502.0,ITEM_ID_EXACT,AUTO,100.0
Electrics,Electrics,Electrics,504.0,504.0,ITEM_ID_EXACT,AUTO,100.0
Electrics,Electrics,Electrics,505.0,505.0,ITEM_ID_EXACT,AUTO,100.0
Electrics,Electrics,Electrics,506.0,506.0,ITEM_ID_EXACT,AUTO,100.0
Electrics,Electrics,Electrics,507.0,507.0,ITEM_ID_EXACT,AUTO,100.0
Electrics,Electrics,Electrics,508.0,508.0,ITEM_ID_EXACT,AUTO,100.0
Electrics,Electrics,Electrics,509.0,509.0,ITEM_ID_EXACT,AUTO,100.0
Electrics,Electrics,Electrics,510.0,510.0,ITEM_ID_EXACT,AUTO,100.0
Electrics,Electrics,Electrics,511.0,511.0,ITEM_ID_EXACT,AUTO,100.0
Electrics,Electrics,Electrics,512.0,512.0,ITEM_ID_EXACT,AUTO,100.0
Electrics,Electrics,Electrics,513.0,513.0,ITEM_ID_EXACT,AUTO,100.0
Electrics,Electrics,Electrics,514.0,514.0,ITEM_ID_EXACT,AUTO,100.0
Electrics,Electrics,Electrics,515.0,515.0,ITEM_ID_EXACT,AUTO,100.0
Electrics,Electrics,Electrics,516.0,516.0,ITEM_ID_EXACT,AUTO,100.0
Electrics,Electrics,Electrics,517.0,517.0,ITEM_ID_EXACT,AUTO,100.0
Electrics,Electrics,Electrics,518.0,518.0,ITEM_ID_EXACT,AUTO,100.0
Electrics,Electrics,Electrics,519.0,519.0,ITEM_ID_EXACT,AUTO,100.0
Electrics,Electrics,Electrics,520.0,520.0,ITEM_ID_EXACT,AUTO,100.0
Electrics,Electrics,Electrics,0.0,,UNMATCHED,UNMATCHED,0.0
Electrics,Electrics,Electrics,40.0,,UNMATCHED,UNMATCHED,0.0
Electrics,Electrics,Electrics,41.0,,UNMATCHED,UNMATCHED,0.0
Electrics,Electrics,Electrics,42.0,,UNMATCHED,UNMATCHED,0.0
Electrics,Electrics,Electrics,44.0,,UNMATCHED,UNMATCHED,0.0
Electrics,Electrics,Electrics,46.0,,UNMATCHED,UNMATCHED,0.0
Electrics,Electrics,Electrics,47.0,,UNMATCHED,UNMATCHED,0.0
Electrics,Electrics,Electrics,48.0,,UNMATCHED,UNMATCHED,0.0
Electrics,Electrics,Electrics,49.0,,UNMATCHED,UNMATCHED,0.0
Electrics,Electrics,Electrics,50.0,,UNMATCHED,UNMATCHED,0.0
Electrics,Electrics,Electrics,51.0,,UNMATCHED,UNMATCHED,0.0
Electrics,Electrics,Electrics,52.0,,UNMATCHED,UNMATCHED,0.0
Electrics,Electrics,Electrics,53.0,,UNMATCHED,UNMATCHED,0.0
Electrics,Electrics,Electrics,54.0,,UNMATCHED,UNMATCHED,0.0
Electrics,Electrics,Electrics,55.0,,UNMATCHED,UNMATCHED,0.0
Electrics,Electrics,Electrics,56.0,,UNMATCHED,UNMATCHED,0.0
Electrics,Electrics,Electrics,57.0,,UNMATCHED,UNMATCHED,0.0
Electrics,Electrics,Electrics,58.0,,UNMATCHED,UNMATCHED,0.0
Electrics,Electrics,Electrics,59.0,,UNMATCHED,UNMATCHED,0.0
Electrics,Electrics,Electrics,60.0,,UNMATCHED,UNMATCHED,0.0
Electrics,Electrics,Electrics,61.0,,UNMATCHED,UNMATCHED,0.0
Electrics,Electrics,Electrics,62.0,,UNMATCHED,UNMATCHED,0.0
Electrics,Electrics,Electrics,63.0,,UNMATCHED,UNMATCHED,0.0
Electrics,Electrics,Electrics,64.0,,UNMATCHED,UNMATCHED,0.0
Electrics,Electrics,Electrics,65.0,,UNMATCHED,UNMATCHED,0.0
Electrics,Electrics,Electrics,66.0,,UNMATCHED,UNMATCHED,0.0
Electrics,Electrics,Electrics,67.0,,UNMATCHED,UNMATCHED,0.0
Electrics,Electrics,Electrics,68.0,,UNMATCHED,UNMATCHED,0.0
Electrics,Electrics,Electrics,69.0,,UNMATCHED,UNMATCHED,0.0
Electrics,Electrics,Electrics,70.0,,UNMATCHED,UNMATCHED,0.0
Electrics,Electrics,Electrics,71.0,,UNMATCHED,UNMATCHED,0.0
Electrics,Electrics,Electrics,72.0,,UNMATCHED,UNMATCHED,0.0
Electrics,Electrics,Electrics,73.0,,UNMATCHED,UNMATCHED,0.0
Electrics,Electrics,Electrics,74.0,,UNMATCHED,UNMATCHED,0.0
Electrics,Electrics,Electrics,75.0,,UNMATCHED,UNMATCHED,0.0
Electrics,Electrics,Electrics,76.0,,UNMATCHED,UNMATCHED,0.0
Electrics,Electrics,Electrics,77.0,,UNMATCHED,UNMATCHED,0.0
Electrics,Electrics,Electrics,78.0,,UNMATCHED,UNMATCHED,0.0
Electrics,Electrics,Electrics,79.0,,UNMATCHED,UNMATCHED,0.0
Electrics,Electrics,Electrics,80.0,,UNMATCHED,UNMATCHED,0.0
Electrics,Electrics,Electrics,81.0,,UNMATCHED,UNMATCHED,0.0
Electrics,Electrics,Electrics,82.0,,UNMATCHED,UNMATCHED,0.0
Electrics,Electrics,Electrics,83.0,,UNMATCHED,UNMATCHED,0.0
Electrics,Electrics,Electrics,84.0,,UNMATCHED,UNMATCHED,0.0
Electrics,Electrics,Electrics,85.0,,UNMATCHED,UNMATCHED,0.0
Electrics,Electrics,Electrics,86.0,,UNMATCHED,UNMATCHED,0.0
Electrics,Electrics,Electrics,87.0,,UNMATCHED,UNMATCHED,0.0
Electrics,Electrics,Electrics,88.0,,UNMATCHED,UNMATCHED,0.0
Electrics,Electrics,Electrics,89.0,,UNMATCHED,UNMATCHED,0.0
Electrics,Electrics,Electrics,90.0,,UNMATCHED,UNMATCHED,0.0
Electrics,Electrics,Electrics,91.0,,UNMATCHED,UNMATCHED,0.0
Electrics,Electrics,Electrics,92.0,,UNMATCHED,UNMATCHED,0.0
Electrics,Electrics,Electrics,93.0,,UNMATCHED,UNMATCHED,0.0
Electrics,Electrics,Electrics,94.0,,UNMATCHED,UNMATCHED,0.0
Electrics,Electrics,Electrics,96.0,,UNMATCHED,UNMATCHED,0.0
Electrics,Electrics,Electrics,98.0,,UNMATCHED,UNMATCHED,0.0
Electrics,Electrics,Electrics,99.0,,UNMATCHED,UNMATCHED,0.0
Electrics,Electrics,Electrics,100.0,,UNMATCHED,UNMATCHED,0.0
Electrics,Electrics,Electrics,101.0,,UNMATCHED,UNMATCHED,0.0
Electrics,Electrics,Electrics,102.0,,UNMATCHED,UNMATCHED,0.0
Electrics,Electrics,Electrics,103.0,,UNMATCHED,UNMATCHED,0.0
Electrics,Electrics,Electrics,104.0,,UNMATCHED,UNMATCHED,0.0
Electrics,Electrics,Electrics,105.0,,UNMATCHED,UNMATCHED,0.0
Electrics,Electrics,Electrics,106.0,,UNMATCHED,UNMATCHED,0.0
Electrics,Electrics,Electrics,107.0,,UNMATCHED,UNMATCHED,0.0
Electrics,Electrics,Electrics,108.0,,UNMATCHED,UNMATCHED,0.0
Electrics,Electrics,Electrics,109.0,,UNMATCHED,UNMATCHED,0.0
Electrics,Electrics,Electrics,110.0,,UNMATCHED,UNMATCHED,0.0
Electrics,Electrics,Electrics,111.0,,UNMATCHED,UNMATCHED,0.0
Electrics,Electrics,Electrics,112.0,,UNMATCHED,UNMATCHED,0.0
Electrics,Electrics,Electrics,113.0,,UNMATCHED,UNMATCHED,0.0
Electrics,Electrics,Electrics,114.0,,UNMATCHED,UNMATCHED,0.0
Electrics,Electrics,Electrics,115.0,,UNMATCHED,UNMATCHED,0.0
Electrics,Electrics,Electrics,116.0,,UNMATCHED,UNMATCHED,0.0
Electrics,Electrics,Electrics,117.0,,UNMATCHED,UNMATCHED,0.0
Electrics,Electrics,Electrics,118.0,,UNMATCHED,UNMATCHED,0.0
Electrics,Electrics,Electrics,119.0,,UNMATCHED,UNMATCHED,0.0
Electrics,Electrics,Electrics,120.0,,UNMATCHED,UNMATCHED,0.0
Electrics,Electrics,Electrics,121.0,,UNMATCHED,UNMATCHED,0.0
Electrics,Electrics,Electrics,122.0,,UNMATCHED,UNMATCHED,0.0
Electrics,Electrics,Electrics,123.0,,UNMATCHED,UNMATCHED,0.0
Electrics,Electrics,Electrics,124.0,,UNMATCHED,UNMATCHED,0.0
Electrics,Electrics,Electrics,126.0,,UNMATCHED,UNMATCHED,0.0
Electrics,Electrics,Electrics,128.0,,UNMATCHED,UNMATCHED,0.0
Electrics,Electrics,Electrics,129.0,,UNMATCHED,UNMATCHED,0.0
Electrics,Electrics,Electrics,130.0,,UNMATCHED,UNMATCHED,0.0
Electrics,Electrics,Electrics,131.0,,UNMATCHED,UNMATCHED,0.0
Electrics,Electrics,Electrics,132.0,,UNMATCHED,UNMATCHED,0.0
Electrics,Electrics,Electrics,133.0,,UNMATCHED,UNMATCHED,0.0
Electrics,Electrics,Electrics,134.0,,UNMATCHED,UNMATCHED,0.0
Electrics,Electrics,Electrics,135.0,,UNMATCHED,UNMATCHED,0.0
Electrics,Electrics,Electrics,136.0,,UNMATCHED,UNMATCHED,0.0
Electrics,Electrics,Electrics,137.0,,UNMATCHED,UNMATCHED,0.0
Electrics,Electrics,Electrics,138.0,,UNMATCHED,UNMATCHED,0.0
Electrics,Electrics,Electrics,139.0,,UNMATCHED,UNMATCHED,0.0
Electrics,Electrics,Electrics,140.0,,UNMATCHED,UNMATCHED,0.0
Electrics,Electrics,Electrics,141.0,,UNMATCHED,UNMATCHED,0.0
Electrics,Electrics,Electrics,142.0,,UNMATCHED,UNMATCHED,0.0
Electrics,Electrics,Electrics,143.0,,UNMATCHED,UNMATCHED,0.0
Electrics,Electrics,Electrics,144.0,,UNMATCHED,UNMATCHED,0.0
Electrics,Electrics,Electrics,145.0,,UNMATCHED,UNMATCHED,0.0
Electrics,Electrics,Electrics,146.0,,UNMATCHED,UNMATCHED,0.0
Electrics,Electrics,Electrics,147.0,,UNMATCHED,UNMATCHED,0.0
Electrics,Electrics,Electrics,148.0,,UNMATCHED,UNMATCHED,0.0
Electrics,Electrics,Electrics,149.0,,UNMATCHED,UNMATCHED,0.0
Electrics,Electrics,Electrics,150.0,,UNMATCHED,UNMATCHED,0.0
Electrics,Electrics,Electrics,151.0,,UNMATCHED,UNMATCHED,0.0
Electrics,Electrics,Electrics,152.0,,UNMATCHED,UNMATCHED,0.0
Electrics,Electrics,Electrics,153.0,,UNMATCHED,UNMATCHED,0.0
Electrics,Electrics,Electrics,154.0,,UNMATCHED,UNMATCHED,0.0
Electrics,Electrics,Electrics,155.0,,UNMATCHED,UNMATCHED,0.0
Electrics,Electrics,Electrics,156.0,,UNMATCHED,UNMATCHED,0.0
Electrics,Electrics,Electrics,157.0,,UNMATCHED,UNMATCHED,0.0
Electrics,Electrics,Electrics,158.0,,UNMATCHED,UNMATCHED,0.0
Electrics,Electrics,Electrics,159.0,,UNMATCHED,UNMATCHED,0.0
Electrics,Electrics,Electrics,160.0,,UNMATCHED,UNMATCHED,0.0
Electrics,Electrics,Electrics,161.0,,UNMATCHED,UNMATCHED,0.0
Electrics,Electrics,Electrics,162.0,,UNMATCHED,UNMATCHED,0.0
Electrics,Electrics,Electrics,163.0,,UNMATCHED,UNMATCHED,0.0
Electrics,Electrics,Electrics,164.0,,UNMATCHED,UNMATCHED,0.0
Electrics,Electrics,Electrics,165.0,,UNMATCHED,UNMATCHED,0.0
Electrics,Electrics,Electrics,166.0,,UNMATCHED,UNMATCHED,0.0
Electrics,Electrics,Electrics,167.0,,UNMATCHED,UNMATCHED,0.0
Electrics,Electrics,Electrics,168.0,,UNMATCHED,UNMATCHED,0.0
Electrics,Electrics,Electrics,169.0,,UNMATCHED,UNMATCHED,0.0
Electrics,Electrics,Electrics,170.0,,UNMATCHED,UNMATCHED,0.0
Electrics,Electrics,Electrics,171.0,,UNMATCHED,UNMATCHED,0.0
Electrics,Electrics,Electrics,172.0,,UNMATCHED,UNMATCHED,0.0
Electrics,Electrics,Electrics,173.0,,UNMATCHED,UNMATCHED,0.0
Electrics,Electrics,Electrics,174.0,,UNMATCHED,UNMATCHED,0.0
Electrics,Electrics,Electrics,175.0,,UNMATCHED,UNMATCHED,0.0
Electrics,Electrics,Electrics,176.0,,UNMATCHED,UNMATCHED,0.0
Electrics,Electrics,Electrics,177.0,,UNMATCHED,UNMATCHED,0.0
Electrics,Electrics,Electrics,179.0,,UNMATCHED,UNMATCHED,0.0
Electrics,Electrics,Electrics,204.0,,UNMATCHED,UNMATCHED,0.0
Electrics,Electrics,Electrics,205.0,,UNMATCHED,UNMATCHED,0.0
Electrics,Electrics,Electrics,206.0,,UNMATCHED,UNMATCHED,0.0
Electrics,Electrics,Electrics,207.0,,UNMATCHED,UNMATCHED,0.0
Electrics,Electrics,Electrics,209.0,,UNMATCHED,UNMATCHED,0.0
Electrics,Electrics,Electrics,237.0,,UNMATCHED,UNMATCHED,0.0
Electrics,Electrics,Electrics,238.0,,UNMATCHED,UNMATCHED,0.0
Electrics,Electrics,Electrics,239.0,,UNMATCHED,UNMATCHED,0.0
Electrics,Electrics,Electrics,240.0,,UNMATCHED,UNMATCHED,0.0
Electrics,Electrics,Electrics,242.0,,UNMATCHED,UNMATCHED,0.0
Electrics,Electrics,Electrics,266.0,,UNMATCHED,UNMATCHED,0.0
Electrics,Electrics,Electrics,267.0,,UNMATCHED,UNMATCHED,0.0
Electrics,Electrics,Electrics,268.0,,UNMATCHED,UNMATCHED,0.0
Electrics,Electrics,Electrics,269.0,,UNMATCHED,UNMATCHED,0.0
Electrics,Electrics,Electrics,271.0,,UNMATCHED,UNMATCHED,0.0
Electrics,Electrics,Electrics,297.0,,UNMATCHED,UNMATCHED,0.0
Electrics,Electrics,Electrics,298.0,,UNMATCHED,UNMATCHED,0.0
Electrics,Electrics,Electrics,299.0,,UNMATCHED,UNMATCHED,0.0
Electrics,Electrics,Electrics,300.0,,UNMATCHED,UNMATCHED,0.0
Electrics,Electrics,Electrics,302.0,,UNMATCHED,UNMATCHED,0.0
Electrics,Electrics,Electrics,330.0,,UNMATCHED,UNMATCHED,0.0
Electrics,Electrics,Electrics,331.0,,UNMATCHED,UNMATCHED,0.0
Electrics,Electrics,Electrics,332.0,,UNMATCHED,UNMATCHED,0.0
Electrics,Electrics,Electrics,333.0,,UNMATCHED,UNMATCHED,0.0
Electrics,Electrics,Electrics,335.0,,UNMATCHED,UNMATCHED,0.0
Electrics,Electrics,Electrics,361.0,,UNMATCHED,UNMATCHED,0.0
Electrics,Electrics,Electrics,362.0,,UNMATCHED,UNMATCHED,0.0
Electrics,Electrics,Electrics,363.0,,UNMATCHED,UNMATCHED,0.0
Electrics,Electrics,Electrics,364.0,,UNMATCHED,UNMATCHED,0.0
Electrics,Electrics,Electrics,366.0,,UNMATCHED,UNMATCHED,0.0
Electrics,Electrics,Electrics,395.0,,UNMATCHED,UNMATCHED,0.0
Electrics,Electrics,Electrics,396.0,,UNMATCHED,UNMATCHED,0.0
Electrics,Electrics,Electrics,397.0,,UNMATCHED,UNMATCHED,0.0
Electrics,Electrics,Electrics,398.0,,UNMATCHED,UNMATCHED,0.0
Electrics,Electrics,Electrics,400.0,,UNMATCHED,UNMATCHED,0.0
Electrics,Electrics,Electrics,443.0,,UNMATCHED,UNMATCHED,0.0
Electrics,Electrics,Electrics,444.0,,UNMATCHED,UNMATCHED,0.0
Electrics,Electrics,Electrics,445.0,,UNMATCHED,UNMATCHED,0.0
Electrics,Electrics,Electrics,446.0,,UNMATCHED,UNMATCHED,0.0
Electrics,Electrics,Electrics,448.0,,UNMATCHED,UNMATCHED,0.0
Electrics,Electrics,Electrics,451.0,,UNMATCHED,UNMATCHED,0.0
Electrics,Electrics,Electrics,452.0,,UNMATCHED,UNMATCHED,0.0
Electrics,Electrics,Electrics,453.0,,UNMATCHED,UNMATCHED,0.0
Electrics,Electrics,Electrics,454.0,,UNMATCHED,UNMATCHED,0.0
Electrics,Electrics,Electrics,456.0,,UNMATCHED,UNMATCHED,0.0
Electrics,Electrics,Electrics,462.0,,UNMATCHED,UNMATCHED,0.0
Electrics,Electrics,Electrics,463.0,,UNMATCHED,UNMATCHED,0.0
Electrics,Electrics,Electrics,464.0,,UNMATCHED,UNMATCHED,0.0
Electrics,Electrics,Electrics,465.0,,UNMATCHED,UNMATCHED,0.0
Electrics,Electrics,Electrics,467.0,,UNMATCHED,UNMATCHED,0.0
Electrics,Electrics,Electrics,474.0,,UNMATCHED,UNMATCHED,0.0
Electrics,Electrics,Electrics,475.0,,UNMATCHED,UNMATCHED,0.0
Electrics,Electrics,Electrics,476.0,,UNMATCHED,UNMATCHED,0.0
Electrics,Electrics,Electrics,477.0,,UNMATCHED,UNMATCHED,0.0
Electrics,Electrics,Electrics,479.0,,UNMATCHED,UNMATCHED,0.0
Electrics,Electrics,Electrics,486.0,,UNMATCHED,UNMATCHED,0.0
Electrics,Electrics,Electrics,487.0,,UNMATCHED,UNMATCHED,0.0
Electrics,Electrics,Electrics,488.0,,UNMATCHED,UNMATCHED,0.0
Electrics,Electrics,Electrics,489.0,,UNMATCHED,UNMATCHED,0.0
Electrics,Electrics,Electrics,491.0,,UNMATCHED,UNMATCHED,0.0
Electrics,Electrics,Electrics,498.0,,UNMATCHED,UNMATCHED,0.0
Electrics,Electrics,Electrics,499.0,,UNMATCHED,UNMATCHED,0.0
Electrics,Electrics,Electrics,500.0,,UNMATCHED,UNMATCHED,0.0
Electrics,Electrics,Electrics,501.0,,UNMATCHED,UNMATCHED,0.0
Electrics,Electrics,Electrics,503.0,,UNMATCHED,UNMATCHED,0.0
Electrics,Electrics,Electrics,521.0,,UNMATCHED,UNMATCHED,0.0
Electrics,Electrics,Electrics,522.0,,UNMATCHED,UNMATCHED,0.0
Electrics,Electrics,Electrics,523.0,,UNMATCHED,UNMATCHED,0.0
Electrics,Electrics,Electrics,524.0,,UNMATCHED,UNMATCHED,0.0
Electrics,Electrics,Electrics,525.0,,UNMATCHED,UNMATCHED,0.0
Electrics,Electrics,Electrics,526.0,,UNMATCHED,UNMATCHED,0.0
Electrics,Electrics,Electrics,527.0,,UNMATCHED,UNMATCHED,0.0
Electrics,Electrics,Electrics,528.0,,UNMATCHED,UNMATCHED,0.0
Electrics,Electrics,Electrics,529.0,,UNMATCHED,UNMATCHED,0.0
Electrics,Electrics,Electrics,530.0,,UNMATCHED,UNMATCHED,0.0
Electrics,Electrics,Electrics,531.0,,UNMATCHED,UNMATCHED,0.0
Electrics,Electrics,Electrics,532.0,,UNMATCHED,UNMATCHED,0.0
Electrics,Electrics,Electrics,533.0,,UNMATCHED,UNMATCHED,0.0
Electrics,Electrics,Electrics,534.0,,UNMATCHED,UNMATCHED,0.0
Electrics,Electrics,Electrics,535.0,,UNMATCHED,UNMATCHED,0.0
Electrics,Electrics,Electrics,536.0,,UNMATCHED,UNMATCHED,0.0
Electrics,Electrics,Electrics,537.0,,UNMATCHED,UNMATCHED,0.0
Electrics,Electrics,Electrics,538.0,,UNMATCHED,UNMATCHED,0.0
Electrics,Electrics,Electrics,539.0,,UNMATCHED,UNMATCHED,0.0
Electrics,Electrics,Electrics,540.0,,UNMATCHED,UNMATCHED,0.0
Electrics,Electrics,Electrics,541.0,,UNMATCHED,UNMATCHED,0.0
Electrics,Electrics,Electrics,542.0,,UNMATCHED,UNMATCHED,0.0
Electrics,Electrics,Electrics,543.0,,UNMATCHED,UNMATCHED,0.0
Electrics,Electrics,Electrics,544.0,,UNMATCHED,UNMATCHED,0.0
Electrics,Electrics,Electrics,545.0,,UNMATCHED,UNMATCHED,0.0
Electrics,Electrics,Electrics,546.0,,UNMATCHED,UNMATCHED,0.0
Electrics,Electrics,Electrics,547.0,,UNMATCHED,UNMATCHED,0.0
Electrics,Electrics,Electrics,548.0,,UNMATCHED,UNMATCHED,0.0
Electrics,Electrics,Electrics,549.0,,UNMATCHED,UNMATCHED,0.0
Electrics,Electrics,Electrics,550.0,,UNMATCHED,UNMATCHED,0.0
Electrics,Electrics,Electrics,551.0,,UNMATCHED,UNMATCHED,0.0
Electrics,Electrics,Electrics,552.0,,UNMATCHED,UNMATCHED,0.0
Electrics,Electrics,Electrics,553.0,,UNMATCHED,UNMATCHED,0.0
Electrics,Electrics,Electrics,554.0,,UNMATCHED,UNMATCHED,0.0
Electrics,Electrics,Electrics,555.0,,UNMATCHED,UNMATCHED,0.0
Electrics,Electrics,Electrics,556.0,,UNMATCHED,UNMATCHED,0.0
Electrics,Electrics,Electrics,557.0,,UNMATCHED,UNMATCHED,0.0
Electrics,Electrics,Electrics,558.0,,UNMATCHED,UNMATCHED,0.0
Electrics,Electrics,Electrics,559.0,,UNMATCHED,UNMATCHED,0.0
Electrics,Electrics,Electrics,560.0,,UNMATCHED,UNMATCHED,0.0
Electrics,Electrics,Electrics,561.0,,UNMATCHED,UNMATCHED,0.0
Electrics,Electrics,Electrics,562.0,,UNMATCHED,UNMATCHED,0.0
Electrics,Electrics,Electrics,563.0,,UNMATCHED,UNMATCHED,0.0
Electrics,Electrics,Electrics,564.0,,UNMATCHED,UNMATCHED,0.0
Electrics,Electrics,Electrics,565.0,,UNMATCHED,UNMATCHED,0.0
Electrics,Electrics,Electrics,566.0,,UNMATCHED,UNMATCHED,0.0
Electrics,Electrics,Electrics,567.0,,UNMATCHED,UNMATCHED,0.0
Electrics,Electrics,Electrics,568.0,,UNMATCHED,UNMATCHED,0.0
Electrics,Electrics,Electrics,569.0,,UNMATCHED,UNMATCHED,0.0
Electrics,Electrics,Electrics,570.0,,UNMATCHED,UNMATCHED,0.0
Electrics,Electrics,Electrics,571.0,,UNMATCHED,UNMATCHED,0.0
Electrics,Electrics,Electrics,572.0,,UNMATCHED,UNMATCHED,0.0
Electrics,Electrics,Electrics,573.0,,UNMATCHED,UNMATCHED,0.0
Electrics,Electrics,Electrics,574.0,,UNMATCHED,UNMATCHED,0.0
Electrics,Electrics,Electrics,575.0,,UNMATCHED,UNMATCHED,0.0
Electrics,Electrics,Electrics,576.0,,UNMATCHED,UNMATCHED,0.0
Electrics,Electrics,Electrics,577.0,,UNMATCHED,UNMATCHED,0.0
Electrics,Electrics,Electrics,578.0,,UNMATCHED,UNMATCHED,0.0
Electrics,Electrics,Electrics,579.0,,UNMATCHED,UNMATCHED,0.0
Electrics,Electrics,Electrics,580.0,,UNMATCHED,UNMATCHED,0.0
Electrics,Electrics,Electrics,581.0,,UNMATCHED,UNMATCHED,0.0
Electrics,Electrics,Electrics,582.0,,UNMATCHED,UNMATCHED,0.0
Electrics,Electrics,Electrics,583.0,,UNMATCHED,UNMATCHED,0.0
Electrics,Electrics,Electrics,584.0,,UNMATCHED,UNMATCHED,0.0
Electrics,Electrics,Electrics,585.0,,UNMATCHED,UNMATCHED,0.0
Electrics,Electrics,Electrics,586.0,,UNMATCHED,UNMATCHED,0.0
Electrics,Electrics,Electrics,587.0,,UNMATCHED,UNMATCHED,0.0
Electrics,Electrics,Electrics,588.0,,UNMATCHED,UNMATCHED,0.0
Electrics,Electrics,Electrics,589.0,,UNMATCHED,UNMATCHED,0.0
Electrics,Electrics,Electrics,590.0,,UNMATCHED,UNMATCHED,0.0
Electrics,Electrics,Electrics,591.0,,UNMATCHED,UNMATCHED,0.0
Electrics,Electrics,Electrics,592.0,,UNMATCHED,UNMATCHED,0.0
Electrics,Electrics,Electrics,593.0,,UNMATCHED,UNMATCHED,0.0
Electrics,Electrics,Electrics,594.0,,UNMATCHED,UNMATCHED,0.0
Electrics,Electrics,Electrics,595.0,,UNMATCHED,UNMATCHED,0.0
Electrics,Electrics,Electrics,596.0,,UNMATCHED,UNMATCHED,0.0
Electrics,Electrics,Electrics,597.0,,UNMATCHED,UNMATCHED,0.0
Electrics,Electrics,Electrics,598.0,,UNMATCHED,UNMATCHED,0.0
Electrics,Electrics,Electrics,599.0,,UNMATCHED,UNMATCHED,0.0
Electrics,Electrics,Electrics,600.0,,UNMATCHED,UNMATCHED,0.0
Electrics,Electrics,Electrics,601.0,,UNMATCHED,UNMATCHED,0.0
Electrics,Electrics,Electrics,602.0,,UNMATCHED,UNMATCHED,0.0
Electrics,Electrics,Electrics,603.0,,UNMATCHED,UNMATCHED,0.0
Electrics,Electrics,Electrics,604.0,,UNMATCHED,UNMATCHED,0.0
Electrics,Electrics,Electrics,605.0,,UNMATCHED,UNMATCHED,0.0
Electrics,Electrics,Electrics,606.0,,UNMATCHED,UNMATCHED,0.0
Electrics,Electrics,Electrics,607.0,,UNMATCHED,UNMATCHED,0.0
Electrics,Electrics,Electrics,608.0,,UNMATCHED,UNMATCHED,0.0
Electrics,Electrics,Electrics,609.0,,UNMATCHED,UNMATCHED,0.0
Electrics,Electrics,Electrics,610.0,,UNMATCHED,UNMATCHED,0.0
Electrics,Electrics,Electrics,611.0,,UNMATCHED,UNMATCHED,0.0
Electrics,Electrics,Electrics,612.0,,UNMATCHED,UNMATCHED,0.0
Electrics,Electrics,Electrics,613.0,,UNMATCHED,UNMATCHED,0.0
Electrics,Electrics,Electrics,614.0,,UNMATCHED,UNMATCHED,0.0
Electrics,Electrics,Electrics,615.0,,UNMATCHED,UNMATCHED,0.0
Electrics,Electrics,Electrics,616.0,,UNMATCHED,UNMATCHED,0.0
Electrics,Electrics,Electrics,617.0,,UNMATCHED,UNMATCHED,0.0
Electrics,Electrics,Electrics,618.0,,UNMATCHED,UNMATCHED,0.0
Electrics,Electrics,Electrics,619.0,,UNMATCHED,UNMATCHED,0.0
Electrics,Electrics,Electrics,620.0,,UNMATCHED,UNMATCHED,0.0
Electrics,Electrics,Electrics,621.0,,UNMATCHED,UNMATCHED,0.0
Electrics,Electrics,Electrics,622.0,,UNMATCHED,UNMATCHED,0.0
Electrics,Electrics,Electrics,623.0,,UNMATCHED,UNMATCHED,0.0
Electrics,Electrics,Electrics,624.0,,UNMATCHED,UNMATCHED,0.0
Electrics,Electrics,Electrics,625.0,,UNMATCHED,UNMATCHED,0.0
Electrics,Electrics,Electrics,626.0,,UNMATCHED,UNMATCHED,0.0
Electrics,Electrics,Electrics,,0.0,UNMATCHED,UNMATCHED,0.0
Electrics,Electrics,Electrics,,40.0,UNMATCHED,UNMATCHED,0.0
Electrics,Electrics,Electrics,,41.0,UNMATCHED,UNMATCHED,0.0
Electrics,Electrics,Electrics,,42.0,UNMATCHED,UNMATCHED,0.0
Electrics,Electrics,Electrics,,44.0,UNMATCHED,UNMATCHED,0.0
Electrics,Electrics,Electrics,,46.0,UNMATCHED,UNMATCHED,0.0
Electrics,Electrics,Electrics,,47.0,UNMATCHED,UNMATCHED,0.0
Electrics,Electrics,Electrics,,48.0,UNMATCHED,UNMATCHED,0.0
Electrics,Electrics,Electrics,,49.0,UNMATCHED,UNMATCHED,0.0
Electrics,Electrics,Electrics,,50.0,UNMATCHED,UNMATCHED,0.0
Electrics,Electrics,Electrics,,51.0,UNMATCHED,UNMATCHED,0.0
Electrics,Electrics,Electrics,,52.0,UNMATCHED,UNMATCHED,0.0
Electrics,Electrics,Electrics,,53.0,UNMATCHED,UNMATCHED,0.0
Electrics,Electrics,Electrics,,54.0,UNMATCHED,UNMATCHED,0.0
Electrics,Electrics,Electrics,,55.0,UNMATCHED,UNMATCHED,0.0
Electrics,Electrics,Electrics,,56.0,UNMATCHED,UNMATCHED,0.0
Electrics,Electrics,Electrics,,57.0,UNMATCHED,UNMATCHED,0.0
Electrics,Electrics,Electrics,,58.0,UNMATCHED,UNMATCHED,0.0
Electrics,Electrics,Electrics,,59.0,UNMATCHED,UNMATCHED,0.0
Electrics,Electrics,Electrics,,60.0,UNMATCHED,UNMATCHED,0.0
Electrics,Electrics,Electrics,,61.0,UNMATCHED,UNMATCHED,0.0
Electrics,Electrics,Electrics,,62.0,UNMATCHED,UNMATCHED,0.0
Electrics,Electrics,Electrics,,63.0,UNMATCHED,UNMATCHED,0.0
Electrics,Electrics,Electrics,,64.0,UNMATCHED,UNMATCHED,0.0
Electrics,Electrics,Electrics,,65.0,UNMATCHED,UNMATCHED,0.0
Electrics,Electrics,Electrics,,66.0,UNMATCHED,UNMATCHED,0.0
Electrics,Electrics,Electrics,,67.0,UNMATCHED,UNMATCHED,0.0
Electrics,Electrics,Electrics,,68.0,UNMATCHED,UNMATCHED,0.0
Electrics,Electrics,Electrics,,69.0,UNMATCHED,UNMATCHED,0.0
Electrics,Electrics,Electrics,,70.0,UNMATCHED,UNMATCHED,0.0
Electrics,Electrics,Electrics,,71.0,UNMATCHED,UNMATCHED,0.0
Electrics,Electrics,Electrics,,72.0,UNMATCHED,UNMATCHED,0.0
Electrics,Electrics,Electrics,,73.0,UNMATCHED,UNMATCHED,0.0
Electrics,Electrics,Electrics,,74.0,UNMATCHED,UNMATCHED,0.0
Electrics,Electrics,Electrics,,75.0,UNMATCHED,UNMATCHED,0.0
Electrics,Electrics,Electrics,,76.0,UNMATCHED,UNMATCHED,0.0
Electrics,Electrics,Electrics,,77.0,UNMATCHED,UNMATCHED,0.0
Electrics,Electrics,Electrics,,78.0,UNMATCHED,UNMATCHED,0.0
Electrics,Electrics,Electrics,,79.0,UNMATCHED,UNMATCHED,0.0
Electrics,Electrics,Electrics,,80.0,UNMATCHED,UNMATCHED,0.0
Electrics,Electrics,Electrics,,81.0,UNMATCHED,UNMATCHED,0.0
Electrics,Electrics,Electrics,,82.0,UNMATCHED,UNMATCHED,0.0
Electrics,Electrics,Electrics,,83.0,UNMATCHED,UNMATCHED,0.0
Electrics,Electrics,Electrics,,84.0,UNMATCHED,UNMATCHED,0.0
Electrics,Electrics,Electrics,,85.0,UNMATCHED,UNMATCHED,0.0
Electrics,Electrics,Electrics,,86.0,UNMATCHED,UNMATCHED,0.0
Electrics,Electrics,Electrics,,87.0,UNMATCHED,UNMATCHED,0.0
Electrics,Electrics,Electrics,,88.0,UNMATCHED,UNMATCHED,0.0
Electrics,Electrics,Electrics,,89.0,UNMATCHED,UNMATCHED,0.0
Electrics,Electrics,Electrics,,90.0,UNMATCHED,UNMATCHED,0.0
Electrics,Electrics,Electrics,,91.0,UNMATCHED,UNMATCHED,0.0
Electrics,Electrics,Electrics,,92.0,UNMATCHED,UNMATCHED,0.0
Electrics,Electrics,Electrics,,93.0,UNMATCHED,UNMATCHED,0.0
Electrics,Electrics,Electrics,,94.0,UNMATCHED,UNMATCHED,0.0
Electrics,Electrics,Electrics,,96.0,UNMATCHED,UNMATCHED,0.0
Electrics,Electrics,Electrics,,98.0,UNMATCHED,UNMATCHED,0.0
Electrics,Electrics,Electrics,,99.0,UNMATCHED,UNMATCHED,0.0
Electrics,Electrics,Electrics,,100.0,UNMATCHED,UNMATCHED,0.0
Electrics,Electrics,Electrics,,101.0,UNMATCHED,UNMATCHED,0.0
Electrics,Electrics,Electrics,,102.0,UNMATCHED,UNMATCHED,0.0
Electrics,Electrics,Electrics,,103.0,UNMATCHED,UNMATCHED,0.0
Electrics,Electrics,Electrics,,104.0,UNMATCHED,UNMATCHED,0.0
Electrics,Electrics,Electrics,,105.0,UNMATCHED,UNMATCHED,0.0
Electrics,Electrics,Electrics,,106.0,UNMATCHED,UNMATCHED,0.0
Electrics,Electrics,Electrics,,107.0,UNMATCHED,UNMATCHED,0.0
Electrics,Electrics,Electrics,,108.0,UNMATCHED,UNMATCHED,0.0
Electrics,Electrics,Electrics,,109.0,UNMATCHED,UNMATCHED,0.0
Electrics,Electrics,Electrics,,110.0,UNMATCHED,UNMATCHED,0.0
Electrics,Electrics,Electrics,,111.0,UNMATCHED,UNMATCHED,0.0
Electrics,Electrics,Electrics,,112.0,UNMATCHED,UNMATCHED,0.0
Electrics,Electrics,Electrics,,113.0,UNMATCHED,UNMATCHED,0.0
Electrics,Electrics,Electrics,,114.0,UNMATCHED,UNMATCHED,0.0
Electrics,Electrics,Electrics,,115.0,UNMATCHED,UNMATCHED,0.0
Electrics,Electrics,Electrics,,116.0,UNMATCHED,UNMATCHED,0.0
Electrics,Electrics,Electrics,,117.0,UNMATCHED,UNMATCHED,0.0
Electrics,Electrics,Electrics,,118.0,UNMATCHED,UNMATCHED,0.0
Electrics,Electrics,Electrics,,119.0,UNMATCHED,UNMATCHED,0.0
Electrics,Electrics,Electrics,,120.0,UNMATCHED,UNMATCHED,0.0
Electrics,Electrics,Electrics,,121.0,UNMATCHED,UNMATCHED,0.0
Electrics,Electrics,Electrics,,122.0,UNMATCHED,UNMATCHED,0.0
Electrics,Electrics,Electrics,,123.0,UNMATCHED,UNMATCHED,0.0
Electrics,Electrics,Electrics,,124.0,UNMATCHED,UNMATCHED,0.0
Electrics,Electrics,Electrics,,126.0,UNMATCHED,UNMATCHED,0.0
Electrics,Electrics,Electrics,,128.0,UNMATCHED,UNMATCHED,0.0
Electrics,Electrics,Electrics,,129.0,UNMATCHED,UNMATCHED,0.0
Electrics,Electrics,Electrics,,130.0,UNMATCHED,UNMATCHED,0.0
Electrics,Electrics,Electrics,,131.0,UNMATCHED,UNMATCHED,0.0
Electrics,Electrics,Electrics,,132.0,UNMATCHED,UNMATCHED,0.0
Electrics,Electrics,Electrics,,133.0,UNMATCHED,UNMATCHED,0.0
Electrics,Electrics,Electrics,,134.0,UNMATCHED,UNMATCHED,0.0
Electrics,Electrics,Electrics,,135.0,UNMATCHED,UNMATCHED,0.0
Electrics,Electrics,Electrics,,136.0,UNMATCHED,UNMATCHED,0.0
Electrics,Electrics,Electrics,,137.0,UNMATCHED,UNMATCHED,0.0
Electrics,Electrics,Electrics,,138.0,UNMATCHED,UNMATCHED,0.0
Electrics,Electrics,Electrics,,139.0,UNMATCHED,UNMATCHED,0.0
Electrics,Electrics,Electrics,,140.0,UNMATCHED,UNMATCHED,0.0
Electrics,Electrics,Electrics,,141.0,UNMATCHED,UNMATCHED,0.0
Electrics,Electrics,Electrics,,142.0,UNMATCHED,UNMATCHED,0.0
Electrics,Electrics,Electrics,,143.0,UNMATCHED,UNMATCHED,0.0
Electrics,Electrics,Electrics,,144.0,UNMATCHED,UNMATCHED,0.0
Electrics,Electrics,Electrics,,145.0,UNMATCHED,UNMATCHED,0.0
Electrics,Electrics,Electrics,,146.0,UNMATCHED,UNMATCHED,0.0
Electrics,Electrics,Electrics,,147.0,UNMATCHED,UNMATCHED,0.0
Electrics,Electrics,Electrics,,148.0,UNMATCHED,UNMATCHED,0.0
Electrics,Electrics,Electrics,,149.0,UNMATCHED,UNMATCHED,0.0
Electrics,Electrics,Electrics,,150.0,UNMATCHED,UNMATCHED,0.0
Electrics,Electrics,Electrics,,151.0,UNMATCHED,UNMATCHED,0.0
Electrics,Electrics,Electrics,,152.0,UNMATCHED,UNMATCHED,0.0
Electrics,Electrics,Electrics,,153.0,UNMATCHED,UNMATCHED,0.0
Electrics,Electrics,Electrics,,154.0,UNMATCHED,UNMATCHED,0.0
Electrics,Electrics,Electrics,,155.0,UNMATCHED,UNMATCHED,0.0
Electrics,Electrics,Electrics,,156.0,UNMATCHED,UNMATCHED,0.0
Electrics,Electrics,Electrics,,157.0,UNMATCHED,UNMATCHED,0.0
Electrics,Electrics,Electrics,,158.0,UNMATCHED,UNMATCHED,0.0
Electrics,Electrics,Electrics,,159.0,UNMATCHED,UNMATCHED,0.0
Electrics,Electrics,Electrics,,160.0,UNMATCHED,UNMATCHED,0.0
Electrics,Electrics,Electrics,,161.0,UNMATCHED,UNMATCHED,0.0
Electrics,Electrics,Electrics,,162.0,UNMATCHED,UNMATCHED,0.0
Electrics,Electrics,Electrics,,163.0,UNMATCHED,UNMATCHED,0.0
Electrics,Electrics,Electrics,,164.0,UNMATCHED,UNMATCHED,0.0
Electrics,Electrics,Electrics,,165.0,UNMATCHED,UNMATCHED,0.0
Electrics,Electrics,Electrics,,166.0,UNMATCHED,UNMATCHED,0.0
Electrics,Electrics,Electrics,,167.0,UNMATCHED,UNMATCHED,0.0
Electrics,Electrics,Electrics,,168.0,UNMATCHED,UNMATCHED,0.0
Electrics,Electrics,Electrics,,169.0,UNMATCHED,UNMATCHED,0.0
Electrics,Electrics,Electrics,,170.0,UNMATCHED,UNMATCHED,0.0
Electrics,Electrics,Electrics,,171.0,UNMATCHED,UNMATCHED,0.0
Electrics,Electrics,Electrics,,172.0,UNMATCHED,UNMATCHED,0.0
Electrics,Electrics,Electrics,,173.0,UNMATCHED,UNMATCHED,0.0
Electrics,Electrics,Electrics,,174.0,UNMATCHED,UNMATCHED,0.0
Electrics,Electrics,Electrics,,175.0,UNMATCHED,UNMATCHED,0.0
Electrics,Electrics,Electrics,,176.0,UNMATCHED,UNMATCHED,0.0
Electrics,Electrics,Electrics,,177.0,UNMATCHED,UNMATCHED,0.0
Electrics,Electrics,Electrics,,179.0,UNMATCHED,UNMATCHED,0.0
Electrics,Electrics,Electrics,,204.0,UNMATCHED,UNMATCHED,0.0
Electrics,Electrics,Electrics,,205.0,UNMATCHED,UNMATCHED,0.0
Electrics,Electrics,Electrics,,206.0,UNMATCHED,UNMATCHED,0.0
Electrics,Electrics,Electrics,,207.0,UNMATCHED,UNMATCHED,0.0
Electrics,Electrics,Electrics,,209.0,UNMATCHED,UNMATCHED,0.0
Electrics,Electrics,Electrics,,237.0,UNMATCHED,UNMATCHED,0.0
Electrics,Electrics,Electrics,,238.0,UNMATCHED,UNMATCHED,0.0
Electrics,Electrics,Electrics,,239.0,UNMATCHED,UNMATCHED,0.0
Electrics,Electrics,Electrics,,240.0,UNMATCHED,UNMATCHED,0.0
Electrics,Electrics,Electrics,,242.0,UNMATCHED,UNMATCHED,0.0
Electrics,Electrics,Electrics,,266.0,UNMATCHED,UNMATCHED,0.0
Electrics,Electrics,Electrics,,267.0,UNMATCHED,UNMATCHED,0.0
Electrics,Electrics,Electrics,,268.0,UNMATCHED,UNMATCHED,0.0
Electrics,Electrics,Electrics,,269.0,UNMATCHED,UNMATCHED,0.0
Electrics,Electrics,Electrics,,271.0,UNMATCHED,UNMATCHED,0.0
Electrics,Electrics,Electrics,,297.0,UNMATCHED,UNMATCHED,0.0
Electrics,Electrics,Electrics,,298.0,UNMATCHED,UNMATCHED,0.0
Electrics,Electrics,Electrics,,299.0,UNMATCHED,UNMATCHED,0.0
Electrics,Electrics,Electrics,,300.0,UNMATCHED,UNMATCHED,0.0
Electrics,Electrics,Electrics,,302.0,UNMATCHED,UNMATCHED,0.0
Electrics,Electrics,Electrics,,330.0,UNMATCHED,UNMATCHED,0.0
Electrics,Electrics,Electrics,,331.0,UNMATCHED,UNMATCHED,0.0
Electrics,Electrics,Electrics,,332.0,UNMATCHED,UNMATCHED,0.0
Electrics,Electrics,Electrics,,333.0,UNMATCHED,UNMATCHED,0.0
Electrics,Electrics,Electrics,,335.0,UNMATCHED,UNMATCHED,0.0
Electrics,Electrics,Electrics,,361.0,UNMATCHED,UNMATCHED,0.0
Electrics,Electrics,Electrics,,362.0,UNMATCHED,UNMATCHED,0.0
Electrics,Electrics,Electrics,,363.0,UNMATCHED,UNMATCHED,0.0
Electrics,Electrics,Electrics,,364.0,UNMATCHED,UNMATCHED,0.0
Electrics,Electrics,Electrics,,366.0,UNMATCHED,UNMATCHED,0.0
Electrics,Electrics,Electrics,,395.0,UNMATCHED,UNMATCHED,0.0
Electrics,Electrics,Electrics,,396.0,UNMATCHED,UNMATCHED,0.0
Electrics,Electrics,Electrics,,397.0,UNMATCHED,UNMATCHED,0.0
Electrics,Electrics,Electrics,,398.0,UNMATCHED,UNMATCHED,0.0
Electrics,Electrics,Electrics,,400.0,UNMATCHED,UNMATCHED,0.0
Electrics,Electrics,Electrics,,443.0,UNMATCHED,UNMATCHED,0.0
Electrics,Electrics,Electrics,,444.0,UNMATCHED,UNMATCHED,0.0
Electrics,Electrics,Electrics,,445.0,UNMATCHED,UNMATCHED,0.0
Electrics,Electrics,Electrics,,446.0,UNMATCHED,UNMATCHED,0.0
Electrics,Electrics,Electrics,,448.0,UNMATCHED,UNMATCHED,0.0
Electrics,Electrics,Electrics,,451.0,UNMATCHED,UNMATCHED,0.0
Electrics,Electrics,Electrics,,452.0,UNMATCHED,UNMATCHED,0.0
Electrics,Electrics,Electrics,,453.0,UNMATCHED,UNMATCHED,0.0
Electrics,Electrics,Electrics,,454.0,UNMATCHED,UNMATCHED,0.0
Electrics,Electrics,Electrics,,456.0,UNMATCHED,UNMATCHED,0.0
Electrics,Electrics,Electrics,,462.0,UNMATCHED,UNMATCHED,0.0
Electrics,Electrics,Electrics,,463.0,UNMATCHED,UNMATCHED,0.0
Electrics,Electrics,Electrics,,464.0,UNMATCHED,UNMATCHED,0.0
Electrics,Electrics,Electrics,,465.0,UNMATCHED,UNMATCHED,0.0
Electrics,Electrics,Electrics,,467.0,UNMATCHED,UNMATCHED,0.0
Electrics,Electrics,Electrics,,474.0,UNMATCHED,UNMATCHED,0.0
Electrics,Electrics,Electrics,,475.0,UNMATCHED,UNMATCHED,0.0
Electrics,Electrics,Electrics,,476.0,UNMATCHED,UNMATCHED,0.0
Electrics,Electrics,Electrics,,477.0,UNMATCHED,UNMATCHED,0.0
Electrics,Electrics,Electrics,,479.0,UNMATCHED,UNMATCHED,0.0
Electrics,Electrics,Electrics,,486.0,UNMATCHED,UNMATCHED,0.0
Electrics,Electrics,Electrics,,487.0,UNMATCHED,UNMATCHED,0.0
Electrics,Electrics,Electrics,,488.0,UNMATCHED,UNMATCHED,0.0
Electrics,Electrics,Electrics,,489.0,UNMATCHED,UNMATCHED,0.0
Electrics,Electrics,Electrics,,491.0,UNMATCHED,UNMATCHED,0.0
Electrics,Electrics,Electrics,,498.0,UNMATCHED,UNMATCHED,0.0
Electrics,Electrics,Electrics,,499.0,UNMATCHED,UNMATCHED,0.0
Electrics,Electrics,Electrics,,500.0,UNMATCHED,UNMATCHED,0.0
Electrics,Electrics,Electrics,,501.0,UNMATCHED,UNMATCHED,0.0
Electrics,Electrics,Electrics,,503.0,UNMATCHED,UNMATCHED,0.0
Electrics,Electrics,Electrics,,521.0,UNMATCHED,UNMATCHED,0.0
Electrics,Electrics,Electrics,,522.0,UNMATCHED,UNMATCHED,0.0
Electrics,Electrics,Electrics,,523.0,UNMATCHED,UNMATCHED,0.0
Electrics,Electrics,Electrics,,524.0,UNMATCHED,UNMATCHED,0.0
Electrics,Electrics,Electrics,,525.0,UNMATCHED,UNMATCHED,0.0
Electrics,Electrics,Electrics,,526.0,UNMATCHED,UNMATCHED,0.0
Electrics,Electrics,Electrics,,527.0,UNMATCHED,UNMATCHED,0.0
Electrics,Electrics,Electrics,,528.0,UNMATCHED,UNMATCHED,0.0
Electrics,Electrics,Electrics,,529.0,UNMATCHED,UNMATCHED,0.0
Electrics,Electrics,Electrics,,530.0,UNMATCHED,UNMATCHED,0.0
Electrics,Electrics,Electrics,,531.0,UNMATCHED,UNMATCHED,0.0
Electrics,Electrics,Electrics,,532.0,UNMATCHED,UNMATCHED,0.0
Electrics,Electrics,Electrics,,533.0,UNMATCHED,UNMATCHED,0.0
Electrics,Electrics,Electrics,,534.0,UNMATCHED,UNMATCHED,0.0
Electrics,Electrics,Electrics,,535.0,UNMATCHED,UNMATCHED,0.0
Electrics,Electrics,Electrics,,536.0,UNMATCHED,UNMATCHED,0.0
Electrics,Electrics,Electrics,,537.0,UNMATCHED,UNMATCHED,0.0
Electrics,Electrics,Electrics,,538.0,UNMATCHED,UNMATCHED,0.0
Electrics,Electrics,Electrics,,539.0,UNMATCHED,UNMATCHED,0.0
Electrics,Electrics,Electrics,,540.0,UNMATCHED,UNMATCHED,0.0
Electrics,Electrics,Electrics,,541.0,UNMATCHED,UNMATCHED,0.0
Electrics,Electrics,Electrics,,542.0,UNMATCHED,UNMATCHED,0.0
Electrics,Electrics,Electrics,,543.0,UNMATCHED,UNMATCHED,0.0
Electrics,Electrics,Electrics,,544.0,UNMATCHED,UNMATCHED,0.0
Electrics,Electrics,Electrics,,545.0,UNMATCHED,UNMATCHED,0.0
Electrics,Electrics,Electrics,,546.0,UNMATCHED,UNMATCHED,0.0
Electrics,Electrics,Electrics,,547.0,UNMATCHED,UNMATCHED,0.0
Electrics,Electrics,Electrics,,548.0,UNMATCHED,UNMATCHED,0.0
Electrics,Electrics,Electrics,,549.0,UNMATCHED,UNMATCHED,0.0
Electrics,Electrics,Electrics,,550.0,UNMATCHED,UNMATCHED,0.0
Electrics,Electrics,Electrics,,551.0,UNMATCHED,UNMATCHED,0.0
Electrics,Electrics,Electrics,,552.0,UNMATCHED,UNMATCHED,0.0
Electrics,Electrics,Electrics,,553.0,UNMATCHED,UNMATCHED,0.0
Electrics,Electrics,Electrics,,554.0,UNMATCHED,UNMATCHED,0.0
Electrics,Electrics,Electrics,,555.0,UNMATCHED,UNMATCHED,0.0
Electrics,Electrics,Electrics,,556.0,UNMATCHED,UNMATCHED,0.0
Electrics,Electrics,Electrics,,557.0,UNMATCHED,UNMATCHED,0.0
Electrics,Electrics,Electrics,,558.0,UNMATCHED,UNMATCHED,0.0
Electrics,Electrics,Electrics,,559.0,UNMATCHED,UNMATCHED,0.0
Electrics,Electrics,Electrics,,560.0,UNMATCHED,UNMATCHED,0.0
Electrics,Electrics,Electrics,,561.0,UNMATCHED,UNMATCHED,0.0
Electrics,Electrics,Electrics,,562.0,UNMATCHED,UNMATCHED,0.0
Electrics,Electrics,Electrics,,563.0,UNMATCHED,UNMATCHED,0.0
Electrics,Electrics,Electrics,,564.0,UNMATCHED,UNMATCHED,0.0
Electrics,Electrics,Electrics,,565.0,UNMATCHED,UNMATCHED,0.0
Electrics,Electrics,Electrics,,566.0,UNMATCHED,UNMATCHED,0.0
Electrics,Electrics,Electrics,,567.0,UNMATCHED,UNMATCHED,0.0
Electrics,Electrics,Electrics,,568.0,UNMATCHED,UNMATCHED,0.0
Electrics,Electrics,Electrics,,569.0,UNMATCHED,UNMATCHED,0.0
Electrics,Electrics,Electrics,,570.0,UNMATCHED,UNMATCHED,0.0
Electrics,Electrics,Electrics,,571.0,UNMATCHED,UNMATCHED,0.0
Electrics,Electrics,Electrics,,572.0,UNMATCHED,UNMATCHED,0.0
Electrics,Electrics,Electrics,,573.0,UNMATCHED,UNMATCHED,0.0
Electrics,Electrics,Electrics,,574.0,UNMATCHED,UNMATCHED,0.0
Electrics,Electrics,Electrics,,575.0,UNMATCHED,UNMATCHED,0.0
Electrics,Electrics,Electrics,,576.0,UNMATCHED,UNMATCHED,0.0
Electrics,Electrics,Electrics,,577.0,UNMATCHED,UNMATCHED,0.0
Electrics,Electrics,Electrics,,578.0,UNMATCHED,UNMATCHED,0.0
Electrics,Electrics,Electrics,,579.0,UNMATCHED,UNMATCHED,0.0
Electrics,Electrics,Electrics,,580.0,UNMATCHED,UNMATCHED,0.0
Electrics,Electrics,Electrics,,581.0,UNMATCHED,UNMATCHED,0.0
Electrics,Electrics,Electrics,,582.0,UNMATCHED,UNMATCHED,0.0
Electrics,Electrics,Electrics,,583.0,UNMATCHED,UNMATCHED,0.0
Electrics,Electrics,Electrics,,584.0,UNMATCHED,UNMATCHED,0.0
Electrics,Electrics,Electrics,,585.0,UNMATCHED,UNMATCHED,0.0
Electrics,Electrics,Electrics,,586.0,UNMATCHED,UNMATCHED,0.0
Electrics,Electrics,Electrics,,587.0,UNMATCHED,UNMATCHED,0.0
Electrics,Electrics,Electrics,,588.0,UNMATCHED,UNMATCHED,0.0
Electrics,Electrics,Electrics,,589.0,UNMATCHED,UNMATCHED,0.0
Electrics,Electrics,Electrics,,590.0,UNMATCHED,UNMATCHED,0.0
Electrics,Electrics,Electrics,,591.0,UNMATCHED,UNMATCHED,0.0
Electrics,Electrics,Electrics,,592.0,UNMATCHED,UNMATCHED,0.0
Electrics,Electrics,Electrics,,593.0,UNMATCHED,UNMATCHED,0.0
Electrics,Electrics,Electrics,,594.0,UNMATCHED,UNMATCHED,0.0
Electrics,Electrics,Electrics,,595.0,UNMATCHED,UNMATCHED,0.0
Electrics,Electrics,Electrics,,596.0,UNMATCHED,UNMATCHED,0.0
Electrics,Electrics,Electrics,,597.0,UNMATCHED,UNMATCHED,0.0
Electrics,Electrics,Electrics,,598.0,UNMATCHED,UNMATCHED,0.0
Electrics,Electrics,Electrics,,599.0,UNMATCHED,UNMATCHED,0.0
Electrics,Electrics,Electrics,,600.0,UNMATCHED,UNMATCHED,0.0
Electrics,Electrics,Electrics,,601.0,UNMATCHED,UNMATCHED,0.0
Electrics,Electrics,Electrics,,602.0,UNMATCHED,UNMATCHED,0.0
Electrics,Electrics,Electrics,,603.0,UNMATCHED,UNMATCHED,0.0
Electrics,Electrics,Electrics,,604.0,UNMATCHED,UNMATCHED,0.0
Electrics,Electrics,Electrics,,605.0,UNMATCHED,UNMATCHED,0.0
Electrics,Electrics,Electrics,,606.0,UNMATCHED,UNMATCHED,0.0
Electrics,Electrics,Electrics,,607.0,UNMATCHED,UNMATCHED,0.0
Electrics,Electrics,Electrics,,608.0,UNMATCHED,UNMATCHED,0.0
Electrics,Electrics,Electrics,,609.0,UNMATCHED,UNMATCHED,0.0
Electrics,Electrics,Electrics,,610.0,UNMATCHED,UNMATCHED,0.0
Electrics,Electrics,Electrics,,611.0,UNMATCHED,UNMATCHED,0.0
Electrics,Electrics,Electrics,,612.0,UNMATCHED,UNMATCHED,0.0
Electrics,Electrics,Electrics,,613.0,UNMATCHED,UNMATCHED,0.0
Electrics,Electrics,Electrics,,614.0,UNMATCHED,UNMATCHED,0.0
Electrics,Electrics,Electrics,,615.0,UNMATCHED,UNMATCHED,0.0
Electrics,Electrics,Electrics,,616.0,UNMATCHED,UNMATCHED,0.0
Electrics,Electrics,Electrics,,617.0,UNMATCHED,UNMATCHED,0.0
Electrics,Electrics,Electrics,,618.0,UNMATCHED,UNMATCHED,0.0
Electrics,Electrics,Electrics,,619.0,UNMATCHED,UNMATCHED,0.0
Electrics,Electrics,Electrics,,620.0,UNMATCHED,UNMATCHED,0.0
Electrics,Electrics,Electrics,,621.0,UNMATCHED,UNMATCHED,0.0
Electrics,Electrics,Electrics,,622.0,UNMATCHED,UNMATCHED,0.0
Electrics,Electrics,Electrics,,623.0,UNMATCHED,UNMATCHED,0.0
Electrics,Electrics,Electrics,,624.0,UNMATCHED,UNMATCHED,0.0
Electrics,Electrics,Electrics,,625.0,UNMATCHED,UNMATCHED,0.0
Electrics,Electrics,Electrics,,626.0,UNMATCHED,UNMATCHED,0.0
Overall,Overall,Overall,1.0,1.0,ITEM_ID_EXACT,AUTO,100.0
Overall,Overall,Overall,2.0,2.0,ITEM_ID_EXACT,AUTO,100.0
Overall,Overall,Overall,3.0,3.0,ITEM_ID_EXACT,AUTO,100.0
Overall,Overall,Overall,4.0,4.0,ITEM_ID_EXACT,AUTO,100.0
Overall,Overall,Overall,5.0,5.0,ITEM_ID_EXACT,AUTO,100.0
Overall,Overall,Overall,6.0,6.0,ITEM_ID_EXACT,AUTO,100.0
Overall,Overall,Overall,7.0,7.0,ITEM_ID_EXACT,AUTO,100.0
Overall,Overall,Overall,8.0,8.0,ITEM_ID_EXACT,AUTO,100.0
Overall,Overall,Overall,9.0,9.0,ITEM_ID_EXACT,AUTO,100.0
Overall,Overall,Overall,10.0,10.0,ITEM_ID_EXACT,AUTO,100.0
Overall,Overall,Overall,11.0,11.0,ITEM_ID_EXACT,AUTO,100.0
Overall,Overall,Overall,12.0,12.0,ITEM_ID_EXACT,AUTO,100.0
Overall,Overall,Overall,13.0,13.0,ITEM_ID_EXACT,AUTO,100.0
Overall,Overall,Overall,14.0,14.0,ITEM_ID_EXACT,AUTO,100.0
Overall,Overall,Overall,15.0,15.0,ITEM_ID_EXACT,AUTO,100.0
Overall,Overall,Overall,17.0,17.0,ITEM_ID_EXACT,AUTO,100.0
Overall,Overall,Overall,0.0,,UNMATCHED,UNMATCHED,0.0
Overall,Overall,Overall,16.0,,UNMATCHED,UNMATCHED,0.0
Overall,Overall,Overall,18.0,,UNMATCHED,UNMATCHED,0.0
Overall,Overall,Overall,19.0,,UNMATCHED,UNMATCHED,0.0
Overall,Overall,Overall,20.0,,UNMATCHED,UNMATCHED,0.0
Overall,Overall,Overall,21.0,,UNMATCHED,UNMATCHED,0.0
Overall,Overall,Overall,22.0,,UNMATCHED,UNMATCHED,0.0
Overall,Overall,Overall,23.0,,UNMATCHED,UNMATCHED,0.0
Overall,Overall,Overall,24.0,,UNMATCHED,UNMATCHED,0.0
Overall,Overall,Overall,25.0,,UNMATCHED,UNMATCHED,0.0
Overall,Overall,Overall,26.0,,UNMATCHED,UNMATCHED,0.0
Overall,Overall,Overall,27.0,,UNMATCHED,UNMATCHED,0.0
Overall,Overall,Overall,28.0,,UNMATCHED,UNMATCHED,0.0
Overall,Overall,Overall,29.0,,UNMATCHED,UNMATCHED,0.0
Overall,Overall,Overall,30.0,,UNMATCHED,UNMATCHED,0.0
Overall,Overall,Overall,31.0,,UNMATCHED,UNMATCHED,0.0
Overall,Overall,Overall,32.0,,UNMATCHED,UNMATCHED,0.0
Overall,Overall,Overall,33.0,,UNMATCHED,UNMATCHED,0.0
Overall,Overall,Overall,34.0,,UNMATCHED,UNMATCHED,0.0
Overall,Overall,Overall,35.0,,UNMATCHED,UNMATCHED,0.0
Overall,Overall,Overall,36.0,,UNMATCHED,UNMATCHED,0.0
Overall,Overall,Overall,37.0,,UNMATCHED,UNMATCHED,0.0
Overall,Overall,Overall,38.0,,UNMATCHED,UNMATCHED,0.0
Overall,Overall,Overall,39.0,,UNMATCHED,UNMATCHED,0.0
Overall,Overall,Overall,40.0,,UNMATCHED,UNMATCHED,0.0
Overall,Overall,Overall,41.0,,UNMATCHED,UNMATCHED,0.0
Overall,Overall,Overall,42.0,,UNMATCHED,UNMATCHED,0.0
Overall,Overall,Overall,43.0,,UNMATCHED,UNMATCHED,0.0
Overall,Overall,Overall,44.0,,UNMATCHED,UNMATCHED,0.0
Overall,Overall,Overall,45.0,,UNMATCHED,UNMATCHED,0.0
Overall,Overall,Overall,46.0,,UNMATCHED,UNMATCHED,0.0
Overall,Overall,Overall,47.0,,UNMATCHED,UNMATCHED,0.0
Overall,Overall,Overall,48.0,,UNMATCHED,UNMATCHED,0.0
Overall,Overall,Overall,49.0,,UNMATCHED,UNMATCHED,0.0
Overall,Overall,Overall,50.0,,UNMATCHED,UNMATCHED,0.0
Overall,Overall,Overall,51.0,,UNMATCHED,UNMATCHED,0.0
Overall,Overall,Overall,52.0,,UNMATCHED,UNMATCHED,0.0
Overall,Overall,Overall,53.0,,UNMATCHED,UNMATCHED,0.0
Overall,Overall,Overall,54.0,,UNMATCHED,UNMATCHED,0.0
Overall,Overall,Overall,55.0,,UNMATCHED,UNMATCHED,0.0
Overall,Overall,Overall,56.0,,UNMATCHED,UNMATCHED,0.0
Overall,Overall,Overall,57.0,,UNMATCHED,UNMATCHED,0.0
Overall,Overall,Overall,58.0,,UNMATCHED,UNMATCHED,0.0
Overall,Overall,Overall,59.0,,UNMATCHED,UNMATCHED,0.0
Overall,Overall,Overall,60.0,,UNMATCHED,UNMATCHED,0.0
Overall,Overall,Overall,61.0,,UNMATCHED,UNMATCHED,0.0
Overall,Overall,Overall,62.0,,UNMATCHED,UNMATCHED,0.0
Overall,Overall,Overall,63.0,,UNMATCHED,UNMATCHED,0.0
Overall,Overall,Overall,64.0,,UNMATCHED,UNMATCHED,0.0
Overall,Overall,Overall,65.0,,UNMATCHED,UNMATCHED,0.0
Overall,Overall,Overall,66.0,,UNMATCHED,UNMATCHED,0.0
Overall,Overall,Overall,67.0,,UNMATCHED,UNMATCHED,0.0
Overall,Overall,Overall,68.0,,UNMATCHED,UNMATCHED,0.0
Overall,Overall,Overall,69.0,,UNMATCHED,UNMATCHED,0.0
Overall,Overall,Overall,70.0,,UNMATCHED,UNMATCHED,0.0
Overall,Overall,Overall,71.0,,UNMATCHED,UNMATCHED,0.0
Overall,Overall,Overall,72.0,,UNMATCHED,UNMATCHED,0.0
Overall,Overall,Overall,73.0,,UNMATCHED,UNMATCHED,0.0
Overall,Overall,Overall,74.0,,UNMATCHED,UNMATCHED,0.0
Overall,Overall,Overall,75.0,,UNMATCHED,UNMATCHED,0.0
Overall,Overall,Overall,76.0,,UNMATCHED,UNMATCHED,0.0
Overall,Overall,Overall,77.0,,UNMATCHED,UNMATCHED,0.0
Overall,Overall,Overall,78.0,,UNMATCHED,UNMATCHED,0.0
Overall,Overall,Overall,79.0,,UNMATCHED,UNMATCHED,0.0
Overall,Overall,Overall,80.0,,UNMATCHED,UNMATCHED,0.0
Overall,Overall,Overall,81.0,,UNMATCHED,UNMATCHED,0.0
Overall,Overall,Overall,82.0,,UNMATCHED,UNMATCHED,0.0
Overall,Overall,Overall,83.0,,UNMATCHED,UNMATCHED,0.0
Overall,Overall,Overall,84.0,,UNMATCHED,UNMATCHED,0.0
Overall,Overall,Overall,85.0,,UNMATCHED,UNMATCHED,0.0
Overall,Overall,Overall,86.0,,UNMATCHED,UNMATCHED,0.0
Overall,Overall,Overall,87.0,,UNMATCHED,UNMATCHED,0.0
Overall,Overall,Overall,88.0,,UNMATCHED,UNMATCHED,0.0
Overall,Overall,Overall,89.0,,UNMATCHED,UNMATCHED,0.0
Overall,Overall,Overall,90.0,,UNMATCHED,UNMATCHED,0.0
Overall,Overall,Overall,91.0,,UNMATCHED,UNMATCHED,0.0
Overall,Overall,Overall,92.0,,UNMATCHED,UNMATCHED,0.0
Overall,Overall,Overall,93.0,,UNMATCHED,UNMATCHED,0.0
Overall,Overall,Overall,94.0,,UNMATCHED,UNMATCHED,0.0
Overall,Overall,Overall,95.0,,UNMATCHED,UNMATCHED,0.0
Overall,Overall,Overall,96.0,,UNMATCHED,UNMATCHED,0.0
Overall,Overall,Overall,97.0,,UNMATCHED,UNMATCHED,0.0
Overall,Overall,Overall,98.0,,UNMATCHED,UNMATCHED,0.0
Overall,Overall,Overall,99.0,,UNMATCHED,UNMATCHED,0.0
Overall,Overall,Overall,100.0,,UNMATCHED,UNMATCHED,0.0
Overall,Overall,Overall,101.0,,UNMATCHED,UNMATCHED,0.0
Overall,Overall,Overall,102.0,,UNMATCHED,UNMATCHED,0.0
Overall,Overall,Overall,103.0,,UNMATCHED,UNMATCHED,0.0
Overall,Overall,Overall,104.0,,UNMATCHED,UNMATCHED,0.0
Overall,Overall,Overall,105.0,,UNMATCHED,UNMATCHED,0.0
Overall,Overall,Overall,106.0,,UNMATCHED,UNMATCHED,0.0
Overall,Overall,Overall,107.0,,UNMATCHED,UNMATCHED,0.0
Overall,Overall,Overall,108.0,,UNMATCHED,UNMATCHED,0.0
Overall,Overall,Overall,109.0,,UNMATCHED,UNMATCHED,0.0
Overall,Overall,Overall,110.0,,UNMATCHED,UNMATCHED,0.0
Overall,Overall,Overall,111.0,,UNMATCHED,UNMATCHED,0.0
Overall,Overall,Overall,112.0,,UNMATCHED,UNMATCHED,0.0
Overall,Overall,Overall,113.0,,UNMATCHED,UNMATCHED,0.0
Overall,Overall,Overall,114.0,,UNMATCHED,UNMATCHED,0.0
Overall,Overall,Overall,115.0,,UNMATCHED,UNMATCHED,0.0
Overall,Overall,Overall,116.0,,UNMATCHED,UNMATCHED,0.0
Overall,Overall,Overall,117.0,,UNMATCHED,UNMATCHED,0.0
Overall,Overall,Overall,118.0,,UNMATCHED,UNMATCHED,0.0
Overall,Overall,Overall,119.0,,UNMATCHED,UNMATCHED,0.0
Overall,Overall,Overall,120.0,,UNMATCHED,UNMATCHED,0.0
Overall,Overall,Overall,121.0,,UNMATCHED,UNMATCHED,0.0
Overall,Overall,Overall,122.0,,UNMATCHED,UNMATCHED,0.0
Overall,Overall,Overall,123.0,,UNMATCHED,UNMATCHED,0.0
Overall,Overall,Overall,,0.0,UNMATCHED,UNMATCHED,0.0
Overall,Overall,Overall,,16.0,UNMATCHED,UNMATCHED,0.0
Overall,Overall,Overall,,18.0,UNMATCHED,UNMATCHED,0.0
Overall,Overall,Overall,,19.0,UNMATCHED,UNMATCHED,0.0
Overall,Overall,Overall,,20.0,UNMATCHED,UNMATCHED,0.0
Overall,Overall,Overall,,21.0,UNMATCHED,UNMATCHED,0.0
Overall,Overall,Overall,,22.0,UNMATCHED,UNMATCHED,0.0
Overall,Overall,Overall,,23.0,UNMATCHED,UNMATCHED,0.0
Overall,Overall,Overall,,24.0,UNMATCHED,UNMATCHED,0.0
Overall,Overall,Overall,,25.0,UNMATCHED,UNMATCHED,0.0
Overall,Overall,Overall,,26.0,UNMATCHED,UNMATCHED,0.0
Overall,Overall,Overall,,27.0,UNMATCHED,UNMATCHED,0.0
Overall,Overall,Overall,,28.0,UNMATCHED,UNMATCHED,0.0
Overall,Overall,Overall,,29.0,UNMATCHED,UNMATCHED,0.0
Overall,Overall,Overall,,30.0,UNMATCHED,UNMATCHED,0.0
Overall,Overall,Overall,,31.0,UNMATCHED,UNMATCHED,0.0
Overall,Overall,Overall,,32.0,UNMATCHED,UNMATCHED,0.0
Overall,Overall,Overall,,33.0,UNMATCHED,UNMATCHED,0.0
Overall,Overall,Overall,,34.0,UNMATCHED,UNMATCHED,0.0
Overall,Overall,Overall,,35.0,UNMATCHED,UNMATCHED,0.0
Overall,Overall,Overall,,36.0,UNMATCHED,UNMATCHED,0.0
Overall,Overall,Overall,,37.0,UNMATCHED,UNMATCHED,0.0
Overall,Overall,Overall,,38.0,UNMATCHED,UNMATCHED,0.0
Overall,Overall,Overall,,39.0,UNMATCHED,UNMATCHED,0.0
Overall,Overall,Overall,,40.0,UNMATCHED,UNMATCHED,0.0
Overall,Overall,Overall,,41.0,UNMATCHED,UNMATCHED,0.0
Overall,Overall,Overall,,42.0,UNMATCHED,UNMATCHED,0.0
Overall,Overall,Overall,,43.0,UNMATCHED,UNMATCHED,0.0
Overall,Overall,Overall,,44.0,UNMATCHED,UNMATCHED,0.0
Overall,Overall,Overall,,45.0,UNMATCHED,UNMATCHED,0.0
Overall,Overall,Overall,,46.0,UNMATCHED,UNMATCHED,0.0
Overall,Overall,Overall,,47.0,UNMATCHED,UNMATCHED,0.0
Overall,Overall,Overall,,48.0,UNMATCHED,UNMATCHED,0.0
Overall,Overall,Overall,,49.0,UNMATCHED,UNMATCHED,0.0
Overall,Overall,Overall,,50.0,UNMATCHED,UNMATCHED,0.0
Overall,Overall,Overall,,51.0,UNMATCHED,UNMATCHED,0.0
Overall,Overall,Overall,,52.0,UNMATCHED,UNMATCHED,0.0
Overall,Overall,Overall,,53.0,UNMATCHED,UNMATCHED,0.0
Overall,Overall,Overall,,54.0,UNMATCHED,UNMATCHED,0.0
Overall,Overall,Overall,,55.0,UNMATCHED,UNMATCHED,0.0
Overall,Overall,Overall,,56.0,UNMATCHED,UNMATCHED,0.0
Overall,Overall,Overall,,57.0,UNMATCHED,UNMATCHED,0.0
Overall,Overall,Overall,,58.0,UNMATCHED,UNMATCHED,0.0
Overall,Overall,Overall,,59.0,UNMATCHED,UNMATCHED,0.0
Overall,Overall,Overall,,60.0,UNMATCHED,UNMATCHED,0.0
Overall,Overall,Overall,,61.0,UNMATCHED,UNMATCHED,0.0
Overall,Overall,Overall,,62.0,UNMATCHED,UNMATCHED,0.0
Overall,Overall,Overall,,63.0,UNMATCHED,UNMATCHED,0.0
Overall,Overall,Overall,,64.0,UNMATCHED,UNMATCHED,0.0
Overall,Overall,Overall,,65.0,UNMATCHED,UNMATCHED,0.0
Overall,Overall,Overall,,66.0,UNMATCHED,UNMATCHED,0.0
Overall,Overall,Overall,,67.0,UNMATCHED,UNMATCHED,0.0
Overall,Overall,Overall,,68.0,UNMATCHED,UNMATCHED,0.0
Overall,Overall,Overall,,69.0,UNMATCHED,UNMATCHED,0.0
Overall,Overall,Overall,,70.0,UNMATCHED,UNMATCHED,0.0
Overall,Overall,Overall,,71.0,UNMATCHED,UNMATCHED,0.0
Overall,Overall,Overall,,72.0,UNMATCHED,UNMATCHED,0.0
Overall,Overall,Overall,,73.0,UNMATCHED,UNMATCHED,0.0
Overall,Overall,Overall,,74.0,UNMATCHED,UNMATCHED,0.0
Overall,Overall,Overall,,75.0,UNMATCHED,UNMATCHED,0.0
Overall,Overall,Overall,,76.0,UNMATCHED,UNMATCHED,0.0
Overall,Overall,Overall,,77.0,UNMATCHED,UNMATCHED,0.0
Overall,Overall,Overall,,78.0,UNMATCHED,UNMATCHED,0.0
Overall,Overall,Overall,,79.0,UNMATCHED,UNMATCHED,0.0
Overall,Overall,Overall,,80.0,UNMATCHED,UNMATCHED,0.0
Overall,Overall,Overall,,81.0,UNMATCHED,UNMATCHED,0.0
Overall,Overall,Overall,,82.0,UNMATCHED,UNMATCHED,0.0
Overall,Overall,Overall,,83.0,UNMATCHED,UNMATCHED,0.0
Overall,Overall,Overall,,84.0,UNMATCHED,UNMATCHED,0.0
Overall,Overall,Overall,,85.0,UNMATCHED,UNMATCHED,0.0
Overall,Overall,Overall,,86.0,UNMATCHED,UNMATCHED,0.0
Overall,Overall,Overall,,87.0,UNMATCHED,UNMATCHED,0.0
Overall,Overall,Overall,,88.0,UNMATCHED,UNMATCHED,0.0
Overall,Overall,Overall,,89.0,UNMATCHED,UNMATCHED,0.0
Overall,Overall,Overall,,90.0,UNMATCHED,UNMATCHED,0.0
Overall,Overall,Overall,,91.0,UNMATCHED,UNMATCHED,0.0
Overall,Overall,Overall,,92.0,UNMATCHED,UNMATCHED,0.0
Overall,Overall,Overall,,93.0,UNMATCHED,UNMATCHED,0.0
Overall,Overall,Overall,,94.0,UNMATCHED,UNMATCHED,0.0
Overall,Overall,Overall,,95.0,UNMATCHED,UNMATCHED,0.0
Overall,Overall,Overall,,96.0,UNMATCHED,UNMATCHED,0.0
Overall,Overall,Overall,,97.0,UNMATCHED,UNMATCHED,0.0
Overall,Overall,Overall,,98.0,UNMATCHED,UNMATCHED,0.0
Overall,Overall,Overall,,99.0,UNMATCHED,UNMATCHED,0.0
Overall,Overall,Overall,,100.0,UNMATCHED,UNMATCHED,0.0
Overall,Overall,Overall,,101.0,UNMATCHED,UNMATCHED,0.0
Overall,Overall,Overall,,102.0,UNMATCHED,UNMATCHED,0.0
Overall,Overall,Overall,,103.0,UNMATCHED,UNMATCHED,0.0
Overall,Overall,Overall,,104.0,UNMATCHED,UNMATCHED,0.0
Overall,Overall,Overall,,105.0,UNMATCHED,UNMATCHED,0.0
Overall,Overall,Overall,,106.0,UNMATCHED,UNMATCHED,0.0
Overall,Overall,Overall,,107.0,UNMATCHED,UNMATCHED,0.0
Overall,Overall,Overall,,108.0,UNMATCHED,UNMATCHED,0.0
Overall,Overall,Overall,,109.0,UNMATCHED,UNMATCHED,0.0
Overall,Overall,Overall,,110.0,UNMATCHED,UNMATCHED,0.0
Overall,Overall,Overall,,111.0,UNMATCHED,UNMATCHED,0.0
Overall,Overall,Overall,,112.0,UNMATCHED,UNMATCHED,0.0
Overall,Overall,Overall,,113.0,UNMATCHED,UNMATCHED,0.0
Overall,Overall,Overall,,114.0,UNMATCHED,UNMATCHED,0.0
Overall,Overall,Overall,,115.0,UNMATCHED,UNMATCHED,0.0
Overall,Overall,Overall,,116.0,UNMATCHED,UNMATCHED,0.0
Overall,Overall,Overall,,117.0,UNMATCHED,UNMATCHED,0.0
Overall,Overall,Overall,,118.0,UNMATCHED,UNMATCHED,0.0
Overall,Overall,Overall,,119.0,UNMATCHED,UNMATCHED,0.0
Overall,Overall,Overall,,120.0,UNMATCHED,UNMATCHED,0.0
Overall,Overall,Overall,,121.0,UNMATCHED,UNMATCHED,0.0
Overall,Overall,Overall,,122.0,UNMATCHED,UNMATCHED,0.0
Overall,Overall,Overall,,123.0,UNMATCHED,UNMATCHED,0.0
