scope_category,vendor_a_sheet,vendor_b_sheet,vendor_a_idx,vendor_b_idx,method,confidence,score,vendor_a_total,vendor_b_total,price_delta_abs,price_delta_pct,qty_mismatch
Steelwork,Steelwork,Steelwork,1,1,ITEM_ID_EXACT,AUTO,100.0,,,,,True
Steelwork,Steelwork,Steelwork,2,2,ITEM_ID_EXACT,AUTO,100.0,0.0,0.0,0.0,,False
Steelwork,Steelwork,Steelwork,3,3,ITEM_ID_EXACT,AUTO,100.0,0.0,0.0,0.0,,False
Steelwork,Steelwork,Steelwork,4,4,ITEM_ID_EXACT,AUTO,100.0,0.0,0.0,0.0,,False
Steelwork,Steelwork,Steelwork,5,5,ITEM_ID_EXACT,AUTO,100.0,0.0,0.0,0.0,,True
Steelwork,Steelwork,Steelwork,6,6,ITEM_ID_EXACT,AUTO,100.0,0.0,0.0,0.0,,True
Steelwork,Steelwork,Steelwork,7,7,ITEM_ID_EXACT,AUTO,100.0,0.0,0.0,0.0,,True
Steelwork,Steelwork,Steelwork,8,8,ITEM_ID_EXACT,AUTO,100.0,0.0,0.0,0.0,,True
Steelwork,Steelwork,Steelwork,9,9,ITEM_ID_EXACT,AUTO,100.0,0.0,0.0,0.0,,True
Steelwork,Steelwork,Steelwork,10,10,ITEM_ID_EXACT,AUTO,100.0,0.0,0.0,0.0,,True
Steelwork,Steelwork,Steelwork,11,11,ITEM_ID_EXACT,AUTO,100.0,0.0,0.0,0.0,,True
Steelwork,Steelwork,Steelwork,12,12,ITEM_ID_EXACT,AUTO,100.0,0.0,0.0,0.0,,True
Steelwork,Steelwork,Steelwork,13,13,ITEM_ID_EXACT,AUTO,100.0,0.0,0.0,0.0,,True
Steelwork,Steelwork,Steelwork,14,14,ITEM_ID_EXACT,AUTO,100.0,0.0,0.0,0.0,,True
Steelwork,Steelwork,Steelwork,16,16,ITEM_ID_EXACT,AUTO,100.0,,,,,True
Steelwork,Steelwork,Steelwork,21,21,ITEM_ID_EXACT,AUTO,100.0,0.0,0.0,0.0,,True
Steelwork,Steelwork,Steelwork,23,23,ITEM_ID_EXACT,AUTO,100.0,,,,,True
Steelwork,Steelwork,Steelwork,28,28,ITEM_ID_EXACT,AUTO,100.0,0.0,0.0,0.0,,True
Steelwork,Steelwork,Steelwork,30,30,ITEM_ID_EXACT,AUTO,100.0,,,,,True
Steelwork,Steelwork,Steelwork,35,35,ITEM_ID_EXACT,AUTO,100.0,0.0,0.0,0.0,,True
Steelwork,Steelwork,Steelwork,37,37,ITEM_ID_EXACT,AUTO,100.0,,,,,True
Steelwork,Steelwork,Steelwork,42,42,ITEM_ID_EXACT,AUTO,100.0,0.0,0.0,0.0,,True
Steelwork,Steelwork,Steelwork,45,45,ITEM_ID_EXACT,AUTO,100.0,0.0,0.0,0.0,,True
Steelwork,Steelwork,Steelwork,46,46,ITEM_ID_EXACT,AUTO,100.0,0.0,0.0,0.0,,True
Steelwork,Steelwork,Steelwork,47,47,ITEM_ID_EXACT,AUTO,100.0,0.0,0.0,0.0,,True
Steelwork,Steelwork,Steelwork,48,48,ITEM_ID_EXACT,AUTO,100.0,0.0,0.0,0.0,,True
Steelwork,Steelwork,Steelwork,49,49,ITEM_ID_EXACT,AUTO,100.0,0.0,0.0,0.0,,True
Electrics,Electrics,Electrics,1,1,ITEM_ID_EXACT,AUTO,100.0,,,,,True
Electrics,Electrics,Electrics,2,2,ITEM_ID_EXACT,AUTO,100.0,0.0,0.0,0.0,,False
Electrics,Electrics,Electrics,3,3,ITEM_ID_EXACT,AUTO,100.0,0.0,0.0,0.0,,False
Electrics,Electrics,Electrics,4,4,ITEM_ID_EXACT,AUTO,100.0,0.0,0.0,0.0,,False
Electrics,Electrics,Electrics,5,5,ITEM_ID_EXACT,AUTO,100.0,0.0,0.0,0.0,,False
Electrics,Electrics,Electrics,6,6,ITEM_ID_EXACT,AUTO,100.0,0.0,0.0,0.0,,False
Electrics,Electrics,Electrics,7,7,ITEM_ID_EXACT,AUTO,100.0,0.0,0.0,0.0,,False
Electrics,Electrics,Electrics,8,8,ITEM_ID_EXACT,AUTO,100.0,0.0,0.0,0.0,,False
Electrics,Electrics,Electrics,9,9,ITEM_ID_EXACT,AUTO,100.0,0.0,0.0,0.0,,False
Electrics,Electrics,Electrics,10,10,ITEM_ID_EXACT,AUTO,100.0,0.0,0.0,0.0,,False
Electrics,Electrics,Electrics,11,11,ITEM_ID_EXACT,AUTO,100.0,0.0,0.0,0.0,,False
Electrics,Electrics,Electrics,12,12,ITEM_ID_EXACT,AUTO,100.0,0.0,0.0,0.0,,False
Electrics,Electrics,Electrics,13,13,ITEM_ID_EXACT,AUTO,100.0,0.0,0.0,0.0,,False
Electrics,Electrics,Electrics,14,14,ITEM_ID_EXACT,AUTO,100.0,0.0,0.0,0.0,,False
Electrics,Electrics,Electrics,15,15,ITEM_ID_EXACT,AUTO,100.0,0.0,0.0,0.0,,False
Electrics,Electrics,Electrics,16,16,ITEM_ID_EXACT,AUTO,100.0,0.0,0.0,0.0,,False
Electrics,Electrics,Electrics,17,17,ITEM_ID_EXACT,AUTO,100.0,0.0,0.0,0.0,,False
Electrics,Electrics,Electrics,18,18,ITEM_ID_EXACT,AUTO,100.0,0.0,0.0,0.0,,False
Electrics,Electrics,Electrics,19,19,ITEM_ID_EXACT,AUTO,100.0,0.0,0.0,0.0,,False
Electrics,Electrics,Electrics,20,20,ITEM_ID_EXACT,AUTO,100.0,0.0,0.0,0.0,,False
Electrics,Electrics,Electrics,21,21,ITEM_ID_EXACT,AUTO,100.0,0.0,0.0,0.0,,False
Electrics,Electrics,Electrics,22,22,ITEM_ID_EXACT,AUTO,100.0,0.0,0.0,0.0,,False
Electrics,Electrics,Electrics,23,23,ITEM_ID_EXACT,AUTO,100.0,0.0,0.0,0.0,,False
Electrics,Electrics,Electrics,24,24,ITEM_ID_EXACT,AUTO,100.0,0.0,0.0,0.0,,False
Electrics,Electrics,Electrics,25,25,ITEM_ID_EXACT,AUTO,100.0,0.0,0.0,0.0,,False
Electrics,Electrics,Electrics,26,26,ITEM_ID_EXACT,AUTO,100.0,0.0,0.0,0.0,,False
Electrics,Electrics,Electrics,27,27,ITEM_ID_EXACT,AUTO,100.0,0.0,0.0,0.0,,False
Electrics,Electrics,Electrics,28,28,ITEM_ID_EXACT,AUTO,100.0,0.0,0.0,0.0,,False
Electrics,Electrics,Electrics,29,29,ITEM_ID_EXACT,AUTO,100.0,0.0,0.0,0.0,,False
Electrics,Electrics,Electrics,30,30,ITEM_ID_EXACT,AUTO,100.0,,,,,False
Electrics,Electrics,Electrics,31,31,ITEM_ID_EXACT,AUTO,100.0,0.0,0.0,0.0,,False
Electrics,Electrics,Electrics,32,32,ITEM_ID_EXACT,AUTO,100.0,0.0,0.0,0.0,,False
Electrics,Electrics,Electrics,33,33,ITEM_ID_EXACT,AUTO,100.0,0.0,0.0,0.0,,False
Electrics,Electrics,Electrics,34,34,ITEM_ID_EXACT,AUTO,100.0,0.0,0.0,0.0,,False
Electrics,Electrics,Electrics,35,35,ITEM_ID_EXACT,AUTO,100.0,0.0,0.0,0.0,,False
Electrics,Electrics,Electrics,36,36,ITEM_ID_EXACT,AUTO,100.0,0.0,0.0,0.0,,False
Electrics,Electrics,Electrics,37,37,ITEM_ID_EXACT,AUTO,100.0,0.0,0.0,0.0,,False
Electrics,Electrics,Electrics,38,38,ITEM_ID_EXACT,AUTO,100.0,0.0,0.0,0.0,,False
Electrics,Electrics,Electrics,39,39,ITEM_ID_EXACT,AUTO,100.0,0.0,0.0,0.0,,False
Electrics,Electrics,Electrics,43,43,ITEM_ID_EXACT,AUTO,100.0,0.0,0.0,0.0,,True
Electrics,Electrics,Electrics,45,45,ITEM_ID_EXACT,AUTO,100.0,,,,,True
Electrics,Electrics,Electrics,95,95,ITEM_ID_EXACT,AUTO,100.0,0.0,0.0,0.0,,True
Electrics,Electrics,Electrics,97,97,ITEM_ID_EXACT,AUTO,100.0,,,,,True
Electrics,Electrics,Electrics,125,125,ITEM_ID_EXACT,AUTO,100.0,0.0,0.0,0.0,,True
Electrics,Electrics,Electrics,127,127,ITEM_ID_EXACT,AUTO,100.0,,,,,True
Electrics,Electrics,Electrics,178,178,ITEM_ID_EXACT,AUTO,100.0,0.0,0.0,0.0,,True
Electrics,Electrics,Electrics,180,180,ITEM_ID_EXACT,AUTO,100.0,,,,,True
Electrics,Electrics,Electrics,181,181,ITEM_ID_EXACT,AUTO,100.0,0.0,0.0,0.0,,True
Electrics,Electrics,Electrics,182,182,ITEM_ID_EXACT,AUTO,100.0,0.0,0.0,0.0,,True
Electrics,Electrics,Electrics,183,183,ITEM_ID_EXACT,AUTO,100.0,0.0,0.0,0.0,,True
Electrics,Electrics,Electrics,184,184,ITEM_ID_EXACT,AUTO,100.0,0.0,0.0,0.0,,True
Electrics,Electrics,Electrics,185,185,ITEM_ID_EXACT,AUTO,100.0,0.0,0.0,0.0,,True
Electrics,Electrics,Electrics,186,186,ITEM_ID_EXACT,AUTO,100.0,0.0,0.0,0.0,,True
Electrics,Electrics,Electrics,187,187,ITEM_ID_EXACT,AUTO,100.0,0.0,0.0,0.0,,True
Electrics,Electrics,Electrics,188,188,ITEM_ID_EXACT,AUTO,100.0,0.0,0.0,0.0,,True
Electrics,Electrics,Electrics,189,189,ITEM_ID_EXACT,AUTO,100.0,0.0,0.0,0.0,,True
Electrics,Electrics,Electrics,190,190,ITEM_ID_EXACT,AUTO,100.0,0.0,0.0,0.0,,True
Electrics,Electrics,Electrics,191,191,ITEM_ID_EXACT,AUTO,100.0,0.0,0.0,0.0,,True
Electrics,Electrics,Electrics,192,192,ITEM_ID_EXACT,AUTO,100.0,0.0,0.0,0.0,,True
Electrics,Electrics,Electrics,193,193,ITEM_ID_EXACT,AUTO,100.0,0.0,0.0,0.0,,True
Electrics,Electrics,Electrics,194,194,ITEM_ID_EXACT,AUTO,100.0,0.0,0.0,0.0,,True
Electrics,Electrics,Electrics,195,195,ITEM_ID_EXACT,AUTO,100.0,0.0,0.0,0.0,,True
Electrics,Electrics,Electrics,196,196,ITEM_ID_EXACT,AUTO,100.0,0.0,0.0,0.0,,True
Electrics,Electrics,Electrics,197,197,ITEM_ID_EXACT,AUTO,100.0,0.0,0.0,0.0,,True
Electrics,Electrics,Electrics,198,198,ITEM_ID_EXACT,AUTO,100.0,0.0,0.0,0.0,,True
Electrics,Electrics,Electrics,199,199,ITEM_ID_EXACT,AUTO,100.0,0.0,0.0,0.0,,True
Electrics,Electrics,Electrics,200,200,ITEM_ID_EXACT,AUTO,100.0,0.0,0.0,0.0,,True
Electrics,Electrics,Electrics,201,201,ITEM_ID_EXACT,AUTO,100.0,0.0,0.0,0.0,,True
Electrics,Electrics,Electrics,202,202,ITEM_ID_EXACT,AUTO,100.0,0.0,0.0,0.0,,True
Electrics,Electrics,Electrics,203,203,ITEM_ID_EXACT,AUTO,100.0,0.0,0.0,0.0,,True
Electrics,Electrics,Electrics,208,208,ITEM_ID_EXACT,AUTO,100.0,0.0,0.0,0.0,,True
Electrics,Electrics,Electrics,210,210,ITEM_ID_EXACT,AUTO,100.0,,,,,True
Electrics,Electrics,Electrics,211,211,ITEM_ID_EXACT,AUTO,100.0,0.0,0.0,0.0,,True
Electrics,Electrics,Electrics,212,212,ITEM_ID_EXACT,AUTO,100.0,0.0,0.0,0.0,,True
Electrics,Electrics,Electrics,213,213,ITEM_ID_EXACT,AUTO,100.0,0.0,0.0,0.0,,True
Electrics,Electrics,Electrics,214,214,ITEM_ID_EXACT,AUTO,100.0,0.0,0.0,0.0,,True
Electrics,Electrics,Electrics,215,215,ITEM_ID_EXACT,AUTO,100.0,0.0,0.0,0.0,,True
Electrics,Electrics,Electrics,216,216,ITEM_ID_EXACT,AUTO,100.0,0.0,0.0,0.0,,True
Electrics,Electrics,Electrics,217,217,ITEM_ID_EXACT,AUTO,100.0,0.0,0.0,0.0,,True
Electrics,Electrics,Electrics,218,218,ITEM_ID_EXACT,AUTO,100.0,0.0,0.0,0.0,,True
Electrics,Electrics,Electrics,219,219,ITEM_ID_EXACT,AUTO,100.0,0.0,0.0,0.0,,True
Electrics,Electrics,Electrics,220,220,ITEM_ID_EXACT,AUTO,100.0,0.0,0.0,0.0,,True
Electrics,Electrics,Electrics,221,221,ITEM_ID_EXACT,AUTO,100.0,0.0,0.0,0.0,,True
Electrics,Electrics,Electrics,222,222,ITEM_ID_EXACT,AUTO,100.0,0.0,0.0,0.0,,True
Electrics,Electrics,Electrics,223,223,ITEM_ID_EXACT,AUTO,100.0,0.0,0.0,0.0,,True
Electrics,Electrics,Electrics,224,224,ITEM_ID_EXACT,AUTO,100.0,0.0,0.0,0.0,,True
Electrics,Electrics,Electrics,225,225,ITEM_ID_EXACT,AUTO,100.0,0.0,0.0,0.0,,True
Electrics,Electrics,Electrics,226,226,ITEM_ID_EXACT,AUTO,100.0,0.0,0.0,0.0,,True
Electrics,Electrics,Electrics,227,227,ITEM_ID_EXACT,AUTO,100.0,0.0,0.0,0.0,,True
Electrics,Electrics,Electrics,228,228,ITEM_ID_EXACT,AUTO,100.0,0.0,0.0,0.0,,True
Electrics,Electrics,Electrics,229,229,ITEM_ID_EXACT,AUTO,100.0,0.0,0.0,0.0,,True
Electrics,Electrics,Electrics,230,230,ITEM_ID_EXACT,AUTO,100.0,0.0,0.0,0.0,,True
Electrics,Electrics,Electrics,231,231,ITEM_ID_EXACT,AUTO,100.0,0.0,0.0,0.0,,True
Electrics,Electrics,Electrics,232,232,ITEM_ID_EXACT,AUTO,100.0,0.0,0.0,0.0,,True
Electrics,Electrics,Electrics,233,233,ITEM_ID_EXACT,AUTO,100.0,0.0,0.0,0.0,,True
Electrics,Electrics,Electrics,234,234,ITEM_ID_EXACT,AUTO,100.0,0.0,0.0,0.0,,True
Electrics,Electrics,Electrics,235,235,ITEM_ID_EXACT,AUTO,100.0,0.0,0.0,0.0,,True
Electrics,Electrics,Electrics,236,236,ITEM_ID_EXACT,AUTO,100.0,0.0,0.0,0.0,,True
Electrics,Electrics,Electrics,241,241,ITEM_ID_EXACT,AUTO,100.0,0.0,0.0,0.0,,True
Electrics,Electrics,Electrics,243,243,ITEM_ID_EXACT,AUTO,100.0,,,,,True
Electrics,Electrics,Electrics,244,244,ITEM_ID_EXACT,AUTO,100.0,0.0,0.0,0.0,,True
Electrics,Electrics,Electrics,245,245,ITEM_ID_EXACT,AUTO,100.0,0.0,0.0,0.0,,True
Electrics,Electrics,Electrics,246,246,ITEM_ID_EXACT,AUTO,100.0,0.0,0.0,0.0,,True
Electrics,Electrics,Electrics,247,247,ITEM_ID_EXACT,AUTO,100.0,0.0,0.0,0.0,,True
Electrics,Electrics,Electrics,248,248,ITEM_ID_EXACT,AUTO,100.0,0.0,0.0,0.0,,True
Electrics,Electrics,Electrics,249,249,ITEM_ID_EXACT,AUTO,100.0,0.0,0.0,0.0,,True
Electrics,Electrics,Electrics,250,250,ITEM_ID_EXACT,AUTO,100.0,0.0,0.0,0.0,,True
Electrics,Electrics,Electrics,251,251,ITEM_ID_EXACT,AUTO,100.0,0.0,0.0,0.0,,True
Electrics,Electrics,Electrics,252,252,ITEM_ID_EXACT,AUTO,100.0,0.0,0.0,0.0,,True
Electrics,Electrics,Electrics,253,253,ITEM_ID_EXACT,AUTO,100.0,0.0,0.0,0.0,,True
Electrics,Electrics,Electrics,254,254,ITEM_ID_EXACT,AUTO,100.0,0.0,0.0,0.0,,True
Electrics,Electrics,Electrics,255,255,ITEM_ID_EXACT,AUTO,100.0,0.0,0.0,0.0,,True
Electrics,Electrics,Electrics,256,256,ITEM_ID_EXACT,AUTO,100.0,0.0,0.0,0.0,,True
Electrics,Electrics,Electrics,257,257,ITEM_ID_EXACT,AUTO,100.0,0.0,0.0,0.0,,True
Electrics,Electrics,Electrics,258,258,ITEM_ID_EXACT,AUTO,100.0,0.0,0.0,0.0,,True
Electrics,Electrics,Electrics,259,259,ITEM_ID_EXACT,AUTO,100.0,0.0,0.0,0.0,,True
Electrics,Electrics,Electrics,260,260,ITEM_ID_EXACT,AUTO,100.0,0.0,0.0,0.0,,True
Electrics,Electrics,Electrics,261,261,ITEM_ID_EXACT,AUTO,100.0,0.0,0.0,0.0,,True
Electrics,Electrics,Electrics,262,262,ITEM_ID_EXACT,AUTO,100.0,0.0,0.0,0.0,,True
Electrics,Electrics,Electrics,263,263,ITEM_ID_EXACT,AUTO,100.0,0.0,0.0,0.0,,True
Electrics,Electrics,Electrics,264,264,ITEM_ID_EXACT,AUTO,100.0,0.0,0.0,0.0,,True
Electrics,Electrics,Electrics,265,265,ITEM_ID_EXACT,AUTO,100.0,0.0,0.0,0.0,,True
Electrics,Electrics,Electrics,270,270,ITEM_ID_EXACT,AUTO,100.0,0.0,0.0,0.0,,True
Electrics,Electrics,Electrics,272,272,ITEM_ID_EXACT,AUTO,100.0,,,,,True
Electrics,Electrics,Electrics,273,273,ITEM_ID_EXACT,AUTO,100.0,0.0,0.0,0.0,,True
Electrics,Electrics,Electrics,274,274,ITEM_ID_EXACT,AUTO,100.0,0.0,0.0,0.0,,True
Electrics,Electrics,Electrics,275,275,ITEM_ID_EXACT,AUTO,100.0,0.0,0.0,0.0,,True
Electrics,Electrics,Electrics,276,276,ITEM_ID_EXACT,AUTO,100.0,0.0,0.0,0.0,,True
Electrics,Electrics,Electrics,277,277,ITEM_ID_EXACT,AUTO,100.0,0.0,0.0,0.0,,True
Electrics,Electrics,Electrics,278,278,ITEM_ID_EXACT,AUTO,100.0,0.0,0.0,0.0,,True
Electrics,Electrics,Electrics,279,279,ITEM_ID_EXACT,AUTO,100.0,0.0,0.0,0.0,,True
Electrics,Electrics,Electrics,280,280,ITEM_ID_EXACT,AUTO,100.0,0.0,0.0,0.0,,True
Electrics,Electrics,Electrics,281,281,ITEM_ID_EXACT,AUTO,100.0,0.0,0.0,0.0,,True
Electrics,Electrics,Electrics,282,282,ITEM_ID_EXACT,AUTO,100.0,0.0,0.0,0.0,,True
Electrics,Electrics,Electrics,283,283,ITEM_ID_EXACT,AUTO,100.0,0.0,0.0,0.0,,True
Electrics,Electrics,Electrics,284,284,ITEM_ID_EXACT,AUTO,100.0,0.0,0.0,0.0,,True
Electrics,Electrics,Electrics,285,285,ITEM_ID_EXACT,AUTO,100.0,0.0,0.0,0.0,,True
Electrics,Electrics,Electrics,286,286,ITEM_ID_EXACT,AUTO,100.0,0.0,0.0,0.0,,True
Electrics,Electrics,Electrics,287,287,ITEM_ID_EXACT,AUTO,100.0,0.0,0.0,0.0,,True
Electrics,Electrics,Electrics,288,288,ITEM_ID_EXACT,AUTO,100.0,0.0,0.0,0.0,,True
Electrics,Electrics,Electrics,289,289,ITEM_ID_EXACT,AUTO,100.0,0.0,0.0,0.0,,True
Electrics,Electrics,Electrics,290,290,ITEM_ID_EXACT,AUTO,100.0,0.0,0.0,0.0,,True
Electrics,Electrics,Electrics,291,291,ITEM_ID_EXACT,AUTO,100.0,0.0,0.0,0.0,,True
Electrics,Electrics,Electrics,292,292,ITEM_ID_EXACT,AUTO,100.0,0.0,0.0,0.0,,True
Electrics,Electrics,Electrics,293,293,ITEM_ID_EXACT,AUTO,100.0,0.0,0.0,0.0,,True
Electrics,Electrics,Electrics,294,294,ITEM_ID_EXACT,AUTO,100.0,0.0,0.0,0.0,,True
Electrics,Electrics,Electrics,295,295,ITEM_ID_EXACT,AUTO,100.0,0.0,0.0,0.0,,True
Electrics,Electrics,Electrics,296,296,ITEM_ID_EXACT,AUTO,100.0,0.0,0.0,0.0,,True
Electrics,Electrics,Electrics,301,301,ITEM_ID_EXACT,AUTO,100.0,0.0,0.0,0.0,,True
Electrics,Electrics,Electrics,303,303,ITEM_ID_EXACT,AUTO,100.0,,,,,True
Electrics,Electrics,Electrics,304,304,ITEM_ID_EXACT,AUTO,100.0,0.0,0.0,0.0,,True
Electrics,Electrics,Electrics,305,305,ITEM_ID_EXACT,AUTO,100.0,0.0,0.0,0.0,,True
Electrics,Electrics,Electrics,306,306,ITEM_ID_EXACT,AUTO,100.0,0.0,0.0,0.0,,True
Electrics,Electrics,Electrics,307,307,ITEM_ID_EXACT,AUTO,100.0,0.0,0.0,0.0,,True
Electrics,Electrics,Electrics,308,308,ITEM_ID_EXACT,AUTO,100.0,0.0,0.0,0.0,,True
Electrics,Electrics,Electrics,309,309,ITEM_ID_EXACT,AUTO,100.0,0.0,0.0,0.0,,True
Electrics,Electrics,Electrics,310,310,ITEM_ID_EXACT,AUTO,100.0,0.0,0.0,0.0,,True
Electrics,Electrics,Electrics,311,311,ITEM_ID_EXACT,AUTO,100.0,0.0,0.0,0.0,,True
Electrics,Electrics,Electrics,312,312,ITEM_ID_EXACT,AUTO,100.0,0.0,0.0,0.0,,True
Electrics,Electrics,Electrics,313,313,ITEM_ID_EXACT,AUTO,100.0,0.0,0.0,0.0,,True
Electrics,Electrics,Electrics,314,314,ITEM_ID_EXACT,AUTO,100.0,0.0,0.0,0.0,,True
Electrics,Electrics,Electrics,315,315,ITEM_ID_EXACT,AUTO,100.0,0.0,0.0,0.0,,True
Electrics,Electrics,Electrics,316,316,ITEM_ID_EXACT,AUTO,100.0,0.0,0.0,0.0,,True
Electrics,Electrics,Electrics,317,317,ITEM_ID_EXACT,AUTO,100.0,0.0,0.0,0.0,,True
Electrics,Electrics,Electrics,318,318,ITEM_ID_EXACT,AUTO,100.0,0.0,0.0,0.0,,True
Electrics,Electrics,Electrics,319,319,ITEM_ID_EXACT,AUTO,100.0,0.0,0.0,0.0,,True
Electrics,Electrics,Electrics,320,320,ITEM_ID_EXACT,AUTO,100.0,0.0,0.0,0.0,,True
Electrics,Electrics,Electrics,321,321,ITEM_ID_EXACT,AUTO,100.0,0.0,0.0,0.0,,True
Electrics,Electrics,Electrics,322,322,ITEM_ID_EXACT,AUTO,100.0,0.0,0.0,0.0,,True
Electrics,Electrics,Electrics,323,323,ITEM_ID_EXACT,AUTO,100.0,0.0,0.0,0.0,,True
Electrics,Electrics,Electrics,324,324,ITEM_ID_EXACT,AUTO,100.0,0.0,0.0,0.0,,True
Electrics,Electrics,Electrics,325,325,ITEM_ID_EXACT,AUTO,100.0,0.0,0.0,0.0,,True
Electrics,Electrics,Electrics,326,326,ITEM_ID_EXACT,AUTO,100.0,0.0,0.0,0.0,,True
Electrics,Electrics,Electrics,327,327,ITEM_ID_EXACT,AUTO,100.0,0.0,0.0,0.0,,True
Electrics,Electrics,Electrics,328,328,ITEM_ID_EXACT,AUTO,100.0,0.0,0.0,0.0,,True
Electrics,Electrics,Electrics,329,329,ITEM_ID_EXACT,AUTO,100.0,0.0,0.0,0.0,,True
Electrics,Electrics,Electrics,334,334,ITEM_ID_EXACT,AUTO,100.0,0.0,0.0,0.0,,True
Electrics,Electrics,Electrics,336,336,ITEM_ID_EXACT,AUTO,100.0,,,,,True
Electrics,Electrics,Electrics,337,337,ITEM_ID_EXACT,AUTO,100.0,0.0,0.0,0.0,,True
Electrics,Electrics,Electrics,338,338,ITEM_ID_EXACT,AUTO,100.0,0.0,0.0,0.0,,True
Electrics,Electrics,Electrics,339,339,ITEM_ID_EXACT,AUTO,100.0,0.0,0.0,0.0,,True
Electrics,Electrics,Electrics,340,340,ITEM_ID_EXACT,AUTO,100.0,0.0,0.0,0.0,,True
Electrics,Electrics,Electrics,341,341,ITEM_ID_EXACT,AUTO,100.0,0.0,0.0,0.0,,True
Electrics,Electrics,Electrics,342,342,ITEM_ID_EXACT,AUTO,100.0,0.0,0.0,0.0,,True
Electrics,Electrics,Electrics,343,343,ITEM_ID_EXACT,AUTO,100.0,0.0,0.0,0.0,,True
Electrics,Electrics,Electrics,344,344,ITEM_ID_EXACT,AUTO,100.0,0.0,0.0,0.0,,True
Electrics,Electrics,Electrics,345,345,ITEM_ID_EXACT,AUTO,100.0,0.0,0.0,0.0,,True
Electrics,Electrics,Electrics,346,346,ITEM_ID_EXACT,AUTO,100.0,0.0,0.0,0.0,,True
Electrics,Electrics,Electrics,347,347,ITEM_ID_EXACT,AUTO,100.0,0.0,0.0,0.0,,True
Electrics,Electrics,Electrics,348,348,ITEM_ID_EXACT,AUTO,100.0,0.0,0.0,0.0,,True
Electrics,Electrics,Electrics,349,349,ITEM_ID_EXACT,AUTO,100.0,0.0,0.0,0.0,,True
Electrics,Electrics,Electrics,350,350,ITEM_ID_EXACT,AUTO,100.0,0.0,0.0,0.0,,True
Electrics,Electrics,Electrics,351,351,ITEM_ID_EXACT,AUTO,100.0,0.0,0.0,0.0,,True
Electrics,Electrics,Electrics,352,352,ITEM_ID_EXACT,AUTO,100.0,0.0,0.0,0.0,,True
Electrics,Electrics,Electrics,353,353,ITEM_ID_EXACT,AUTO,100.0,0.0,0.0,0.0,,True
Electrics,Electrics,Electrics,354,354,ITEM_ID_EXACT,AUTO,100.0,0.0,0.0,0.0,,True
Electrics,Electrics,Electrics,355,355,ITEM_ID_EXACT,AUTO,100.0,0.0,0.0,0.0,,True
Electrics,Electrics,Electrics,356,356,ITEM_ID_EXACT,AUTO,100.0,0.0,0.0,0.0,,True
Electrics,Electrics,Electrics,357,357,ITEM_ID_EXACT,AUTO,100.0,0.0,0.0,0.0,,True
Electrics,Electrics,Electrics,358,358,ITEM_ID_EXACT,AUTO,100.0,0.0,0.0,0.0,,True
Electrics,Electrics,Electrics,359,359,ITEM_ID_EXACT,AUTO,100.0,0.0,0.0,0.0,,True
Electrics,Electrics,Electrics,360,360,ITEM_ID_EXACT,AUTO,100.0,0.0,0.0,0.0,,True
Electrics,Electrics,Electrics,365,365,ITEM_ID_EXACT,AUTO,100.0,0.0,0.0,0.0,,True
Electrics,Electrics,Electrics,367,367,ITEM_ID_EXACT,AUTO,100.0,,,,,True
Electrics,Electrics,Electrics,368,368,ITEM_ID_EXACT,AUTO,100.0,0.0,0.0,0.0,,True
Electrics,Electrics,Electrics,369,369,ITEM_ID_EXACT,AUTO,100.0,0.0,0.0,0.0,,True
Electrics,Electrics,Electrics,370,370,ITEM_ID_EXACT,AUTO,100.0,0.0,0.0,0.0,,True
Electrics,Electrics,Electrics,371,371,ITEM_ID_EXACT,AUTO,100.0,0.0,0.0,0.0,,True
Electrics,Electrics,Electrics,372,372,ITEM_ID_EXACT,AUTO,100.0,0.0,0.0,0.0,,True
Electrics,Electrics,Electrics,373,373,ITEM_ID_EXACT,AUTO,100.0,0.0,0.0,0.0,,True
Electrics,Electrics,Electrics,374,374,ITEM_ID_EXACT,AUTO,100.0,0.0,0.0,0.0,,True
Electrics,Electrics,Electrics,375,375,ITEM_ID_EXACT,AUTO,100.0,0.0,0.0,0.0,,True
Electrics,Electrics,Electrics,376,376,ITEM_ID_EXACT,AUTO,100.0,0.0,0.0,0.0,,True
Electrics,Electrics,Electrics,377,377,ITEM_ID_EXACT,AUTO,100.0,0.0,0.0,0.0,,True
Electrics,Electrics,Electrics,378,378,ITEM_ID_EXACT,AUTO,100.0,0.0,0.0,0.0,,True
Electrics,Electrics,Electrics,379,379,ITEM_ID_EXACT,AUTO,100.0,0.0,0.0,0.0,,True
Electrics,Electrics,Electrics,380,380,ITEM_ID_EXACT,AUTO,100.0,0.0,0.0,0.0,,True
Electrics,Electrics,Electrics,381,381,ITEM_ID_EXACT,AUTO,100.0,0.0,0.0,0.0,,True
Electrics,Electrics,Electrics,382,382,ITEM_ID_EXACT,AUTO,100.0,0.0,0.0,0.0,,True
Electrics,Electrics,Electrics,383,383,ITEM_ID_EXACT,AUTO,100.0,0.0,0.0,0.0,,True
Electrics,Electrics,Electrics,384,384,ITEM_ID_EXACT,AUTO,100.0,0.0,0.0,0.0,,True
Electrics,Electrics,Electrics,385,385,ITEM_ID_EXACT,AUTO,100.0,0.0,0.0,0.0,,True
Electrics,Electrics,Electrics,386,386,ITEM_ID_EXACT,AUTO,100.0,0.0,0.0,0.0,,True
Electrics,Electrics,Electrics,387,387,ITEM_ID_EXACT,AUTO,100.0,0.0,0.0,0.0,,True
Electrics,Electrics,Electrics,388,388,ITEM_ID_EXACT,AUTO,100.0,0.0,0.0,0.0,,True
Electrics,Electrics,Electrics,389,389,ITEM_ID_EXACT,AUTO,100.0,0.0,0.0,0.0,,True
Electrics,Electrics,Electrics,390,390,ITEM_ID_EXACT,AUTO,100.0,0.0,0.0,0.0,,True
Electrics,Electrics,Electrics,391,391,ITEM_ID_EXACT,AUTO,100.0,0.0,0.0,0.0,,True
Electrics,Electrics,Electrics,392,392,ITEM_ID_EXACT,AUTO,100.0,0.0,0.0,0.0,,True
Electrics,Electrics,Electrics,393,393,ITEM_ID_EXACT,AUTO,100.0,0.0,0.0,0.0,,True
Electrics,Electrics,Electrics,394,394,ITEM_ID_EXACT,AUTO,100.0,0.0,0.0,0.0,,True
Electrics,Electrics,Electrics,399,399,ITEM_ID_EXACT,AUTO,100.0,0.0,0.0,0.0,,True
Electrics,Electrics,Electrics,401,401,ITEM_ID_EXACT,AUTO,100.0,,,,,True
Electrics,Electrics,Electrics,402,402,ITEM_ID_EXACT,AUTO,100.0,0.0,0.0,0.0,,True
Electrics,Electrics,Electrics,403,403,ITEM_ID_EXACT,AUTO,100.0,0.0,0.0,0.0,,True
Electrics,Electrics,Electrics,404,404,ITEM_ID_EXACT,AUTO,100.0,0.0,0.0,0.0,,True
Electrics,Electrics,Electrics,405,405,ITEM_ID_EXACT,AUTO,100.0,0.0,0.0,0.0,,True
Electrics,Electrics,Electrics,406,406,ITEM_ID_EXACT,AUTO,100.0,0.0,0.0,0.0,,True
Electrics,Electrics,Electrics,407,407,ITEM_ID_EXACT,AUTO,100.0,0.0,0.0,0.0,,True
Electrics,Electrics,Electrics,408,408,ITEM_ID_EXACT,AUTO,100.0,0.0,0.0,0.0,,True
Electrics,Electrics,Electrics,409,409,ITEM_ID_EXACT,AUTO,100.0,0.0,0.0,0.0,,True
Electrics,Electrics,Electrics,410,410,ITEM_ID_EXACT,AUTO,100.0,0.0,0.0,0.0,,True
Electrics,Electrics,Electrics,411,411,ITEM_ID_EXACT,AUTO,100.0,0.0,0.0,0.0,,True
Electrics,Electrics,Electrics,412,412,ITEM_ID_EXACT,AUTO,100.0,0.0,0.0,0.0,,True
Electrics,Electrics,Electrics,413,413,ITEM_ID_EXACT,AUTO,100.0,0.0,0.0,0.0,,True
Electrics,Electrics,Electrics,414,414,ITEM_ID_EXACT,AUTO,100.0,0.0,0.0,0.0,,True
Electrics,Electrics,Electrics,415,415,ITEM_ID_EXACT,AUTO,100.0,0.0,0.0,0.0,,True
Electrics,Electrics,Electrics,416,416,ITEM_ID_EXACT,AUTO,100.0,0.0,0.0,0.0,,True
Electrics,Electrics,Electrics,417,417,ITEM_ID_EXACT,AUTO,100.0,0.0,0.0,0.0,,True
Electrics,Electrics,Electrics,418,418,ITEM_ID_EXACT,AUTO,100.0,0.0,0.0,0.0,,True
Electrics,Electrics,Electrics,419,419,ITEM_ID_EXACT,AUTO,100.0,0.0,0.0,0.0,,True
Electrics,Electrics,Electrics,420,420,ITEM_ID_EXACT,AUTO,100.0,0.0,0.0,0.0,,True
Electrics,Electrics,Electrics,421,421,ITEM_ID_EXACT,AUTO,100.0,0.0,0.0,0.0,,True
Electrics,Electrics,Electrics,422,422,ITEM_ID_EXACT,AUTO,100.0,0.0,0.0,0.0,,True
Electrics,Electrics,Electrics,423,423,ITEM_ID_EXACT,AUTO,100.0,0.0,0.0,0.0,,True
Electrics,Electrics,Electrics,424,424,ITEM_ID_EXACT,AUTO,100.0,0.0,0.0,0.0,,True
Electrics,Electrics,Electrics,425,425,ITEM_ID_EXACT,AUTO,100.0,0.0,0.0,0.0,,True
Electrics,Electrics,Electrics,426,426,ITEM_ID_EXACT,AUTO,100.0,0.0,0.0,0.0,,True
Electrics,Electrics,Electrics,427,427,ITEM_ID_EXACT,AUTO,100.0,0.0,0.0,0.0,,True
Electrics,Electrics,Electrics,428,428,ITEM_ID_EXACT,AUTO,100.0,0.0,0.0,0.0,,True
Electrics,Electrics,Electrics,429,429,ITEM_ID_EXACT,AUTO,100.0,0.0,0.0,0.0,,True
Electrics,Electrics,Electrics,430,430,ITEM_ID_EXACT,AUTO,100.0,0.0,0.0,0.0,,True
Electrics,Electrics,Electrics,431,431,ITEM_ID_EXACT,AUTO,100.0,0.0,0.0,0.0,,True
Electrics,Electrics,Electrics,432,432,ITEM_ID_EXACT,AUTO,100.0,0.0,0.0,0.0,,True
Electrics,Electrics,Electrics,433,433,ITEM_ID_EXACT,AUTO,100.0,0.0,0.0,0.0,,True
Electrics,Electrics,Electrics,434,434,ITEM_ID_EXACT,AUTO,100.0,0.0,0.0,0.0,,True
Electrics,Electrics,Electrics,435,435,ITEM_ID_EXACT,AUTO,100.0,0.0,0.0,0.0,,True
Electrics,Electrics,Electrics,436,436,ITEM_ID_EXACT,AUTO,100.0,0.0,0.0,0.0,,True
Electrics,Electrics,Electrics,437,437,ITEM_ID_EXACT,AUTO,100.0,0.0,0.0,0.0,,True
Electrics,Electrics,Electrics,438,438,ITEM_ID_EXACT,AUTO,100.0,0.0,0.0,0.0,,True
Electrics,Electrics,Electrics,439,439,ITEM_ID_EXACT,AUTO,100.0,0.0,0.0,0.0,,True
Electrics,Electrics,Electrics,440,440,ITEM_ID_EXACT,AUTO,100.0,0.0,0.0,0.0,,True
Electrics,Electrics,Electrics,441,441,ITEM_ID_EXACT,AUTO,100.0,0.0,0.0,0.0,,True
Electrics,Electrics,Electrics,442,442,ITEM_ID_EXACT,AUTO,100.0,0.0,0.0,0.0,,True
Electrics,Electrics,Electrics,447,447,ITEM_ID_EXACT,AUTO,100.0,0.0,0.0,0.0,,True
Electrics,Electrics,Electrics,449,449,ITEM_ID_EXACT,AUTO,100.0,,,,,True
Electrics,Electrics,Electrics,450,450,ITEM_ID_EXACT,AUTO,100.0,0.0,0.0,0.0,,True
Electrics,Electrics,Electrics,455,455,ITEM_ID_EXACT,AUTO,100.0,0.0,0.0,0.0,,True
Electrics,Electrics,Electrics,457,457,ITEM_ID_EXACT,AUTO,100.0,,,,,True
Electrics,Electrics,Electrics,458,458,ITEM_ID_EXACT,AUTO,100.0,0.0,0.0,0.0,,True
Electrics,Electrics,Electrics,459,459,ITEM_ID_EXACT,AUTO,100.0,0.0,0.0,0.0,,True
Electrics,Electrics,Electrics,460,460,ITEM_ID_EXACT,AUTO,100.0,0.0,0.0,0.0,,True
Electrics,Electrics,Electrics,461,461,ITEM_ID_EXACT,AUTO,100.0,0.0,0.0,0.0,,True
Electrics,Electrics,Electrics,466,466,ITEM_ID_EXACT,AUTO,100.0,0.0,0.0,0.0,,True
Electrics,Electrics,Electrics,468,468,ITEM_ID_EXACT,AUTO,100.0,,,,,True
Electrics,Electrics,Electrics,469,469,ITEM_ID_EXACT,AUTO,100.0,0.0,0.0,0.0,,True
Electrics,Electrics,Electrics,470,470,ITEM_ID_EXACT,AUTO,100.0,0.0,0.0,0.0,,True
Electrics,Electrics,Electrics,471,471,ITEM_ID_EXACT,AUTO,100.0,0.0,0.0,0.0,,True
Electrics,Electrics,Electrics,472,472,ITEM_ID_EXACT,AUTO,100.0,0.0,0.0,0.0,,True
Electrics,Electrics,Electrics,473,473,ITEM_ID_EXACT,AUTO,100.0,0.0,0.0,0.0,,True
Electrics,Electrics,Electrics,478,478,ITEM_ID_EXACT,AUTO,100.0,0.0,0.0,0.0,,True
Electrics,Electrics,Electrics,480,480,ITEM_ID_EXACT,AUTO,100.0,,,,,True
Electrics,Electrics,Electrics,481,481,ITEM_ID_EXACT,AUTO,100.0,0.0,0.0,0.0,,True
Electrics,Electrics,Electrics,482,482,ITEM_ID_EXACT,AUTO,100.0,0.0,0.0,0.0,,True
Electrics,Electrics,Electrics,483,483,ITEM_ID_EXACT,AUTO,100.0,0.0,0.0,0.0,,True
Electrics,Electrics,Electrics,484,484,ITEM_ID_EXACT,AUTO,100.0,0.0,0.0,0.0,,True
Electrics,Electrics,Electrics,485,485,ITEM_ID_EXACT,AUTO,100.0,0.0,0.0,0.0,,True
Electrics,Electrics,Electrics,490,490,ITEM_ID_EXACT,AUTO,100.0,0.0,0.0,0.0,,True
Electrics,Electrics,Electrics,492,492,ITEM_ID_EXACT,AUTO,100.0,,,,,True
Electrics,Electrics,Electrics,493,493,ITEM_ID_EXACT,AUTO,100.0,0.0,0.0,0.0,,True
Electrics,Electrics,Electrics,494,494,ITEM_ID_EXACT,AUTO,100.0,0.0,0.0,0.0,,True
Electrics,Electrics,Electrics,495,495,ITEM_ID_EXACT,AUTO,100.0,0.0,0.0,0.0,,True
Electrics,Electrics,Electrics,496,496,ITEM_ID_EXACT,AUTO,100.0,0.0,0.0,0.0,,True
Electrics,Electrics,Electrics,497,497,ITEM_ID_EXACT,AUTO,100.0,0.0,0.0,0.0,,True
Electrics,Electrics,Electrics,502,502,ITEM_ID_EXACT,AUTO,100.0,0.0,0.0,0.0,,True
Electrics,Electrics,Electrics,504,504,ITEM_ID_EXACT,AUTO,100.0,0.0,0.0,0.0,,True
Electrics,Electrics,Electrics,505,505,ITEM_ID_EXACT,AUTO,100.0,0.0,0.0,0.0,,True
Electrics,Electrics,Electrics,506,506,ITEM_ID_EXACT,AUTO,100.0,0.0,0.0,0.0,,True
Electrics,Electrics,Electrics,507,507,ITEM_ID_EXACT,AUTO,100.0,0.0,0.0,0.0,,True
Electrics,Electrics,Electrics,508,508,ITEM_ID_EXACT,AUTO,100.0,0.0,0.0,0.0,,True
Electrics,Electrics,Electrics,509,509,ITEM_ID_EXACT,AUTO,100.0,0.0,0.0,0.0,,True
Electrics,Electrics,Electrics,510,510,ITEM_ID_EXACT,AUTO,100.0,0.0,0.0,0.0,,True
Electrics,Electrics,Electrics,511,511,ITEM_ID_EXACT,AUTO,100.0,0.0,0.0,0.0,,True
Electrics,Electrics,Electrics,512,512,ITEM_ID_EXACT,AUTO,100.0,0.0,0.0,0.0,,True
Electrics,Electrics,Electrics,513,513,ITEM_ID_EXACT,AUTO,100.0,0.0,0.0,0.0,,True
Electrics,Electrics,Electrics,514,514,ITEM_ID_EXACT,AUTO,100.0,0.0,0.0,0.0,,True
Electrics,Electrics,Electrics,515,515,ITEM_ID_EXACT,AUTO,100.0,0.0,0.0,0.0,,True
Electrics,Electrics,Electrics,516,516,ITEM_ID_EXACT,AUTO,100.0,0.0,0.0,0.0,,True
Electrics,Electrics,Electrics,517,517,ITEM_ID_EXACT,AUTO,100.0,0.0,0.0,0.0,,True
Electrics,Electrics,Electrics,518,518,ITEM_ID_EXACT,AUTO,100.0,0.0,0.0,0.0,,True
Electrics,Electrics,Electrics,519,519,ITEM_ID_EXACT,AUTO,100.0,0.0,0.0,0.0,,True
Electrics,Electrics,Electrics,520,520,ITEM_ID_EXACT,AUTO,100.0,0.0,0.0,0.0,,True
Overall,Overall,Overall,1,1,ITEM_ID_EXACT,AUTO,100.0,,,,,True
Overall,Overall,Overall,2,2,ITEM_ID_EXACT,AUTO,100.0,18884.0,0.0,-18884.0,-1.0,False
Overall,Overall,Overall,3,3,ITEM_ID_EXACT,AUTO,100.0,28351.0,0.0,-28351.0,-1.0,False
Overall,Overall,Overall,4,4,ITEM_ID_EXACT,AUTO,100.0,0.0,0.0,0.0,,False
Overall,Overall,Overall,5,5,ITEM_ID_EXACT,AUTO,100.0,0.0,0.0,0.0,,False
Overall,Overall,Overall,6,6,ITEM_ID_EXACT,AUTO,100.0,9850.0,0.0,-9850.0,-1.0,False
Overall,Overall,Overall,7,7,ITEM_ID_EXACT,AUTO,100.0,0.0,0.0,0.0,,False
Overall,Overall,Overall,8,8,ITEM_ID_EXACT,AUTO,100.0,0.0,0.0,0.0,,True
Overall,Overall,Overall,9,9,ITEM_ID_EXACT,AUTO,100.0,0.0,0.0,0.0,,False
Overall,Overall,Overall,10,10,ITEM_ID_EXACT,AUTO,100.0,0.0,0.0,0.0,,False
Overall,Overall,Overall,11,11,ITEM_ID_EXACT,AUTO,100.0,0.0,0.0,0.0,,False
Overall,Overall,Overall,12,12,ITEM_ID_EXACT,AUTO,100.0,0.0,0.0,0.0,,False
Overall,Overall,Overall,13,13,ITEM_ID_EXACT,AUTO,100.0,0.0,0.0,0.0,,False
Overall,Overall,Overall,14,14,ITEM_ID_EXACT,AUTO,100.0,0.0,0.0,0.0,,False
Overall,Overall,Overall,15,15,ITEM_ID_EXACT,AUTO,100.0,57085.0,0.0,-57085.0,-1.0,True
Overall,Overall,Overall,17,17,ITEM_ID_EXACT,AUTO,100.0,57085.0,0.0,-57085.0,-1.0,True
